<?xml version="1.0" encoding="UTF-8" standalone="no"?>
<XMI xmlns:UML="//org.omg/UML/1.3" xmi.version="1.1">
 <XMI.header>
  <XMI.documentation>
   <XMI.exporter>ocle 2.0</XMI.exporter>
   <XMI.exporterVersion>1.0</XMI.exporterVersion>
  </XMI.documentation>
  <XMI.metamodel xmi.name="UML" xmi.version="1.3"/>
 </XMI.header>
 <XMI.content>
  <UML:Model isAbstract="false" isLeaf="true" isRoot="true" isSpecification="false" isTemplate="false" name="NewModel" visibility="public" xmi.id="S.1" xmlns:UML="http://lci/xml">
   <UML:Namespace.ownedElement>
    <UML:Stereotype baseClass="AssociationEnd" isAbstract="false" isLeaf="false" isRoot="false" isSpecification="false" isTemplate="false" name="global" namespace="S.1" visibility="package" xmi.id="S.2"/>
    <UML:Stereotype baseClass="Abstraction" isAbstract="false" isLeaf="false" isRoot="false" isSpecification="false" isTemplate="false" name="file" namespace="S.1" visibility="package" xmi.id="S.3"/>
    <UML:Stereotype baseClass="Package" isAbstract="false" isLeaf="false" isRoot="false" isSpecification="false" isTemplate="false" name="facade" namespace="S.1" visibility="package" xmi.id="S.4"/>
    <UML:DataType isAbstract="false" isLeaf="false" isRoot="false" isSpecification="false" isTemplate="false" name="undefined" namespace="S.1" visibility="package" xmi.id="S.5"/>
    <UML:Stereotype baseClass="Package" isAbstract="false" isLeaf="false" isRoot="false" isSpecification="false" isTemplate="false" name="systemModel" namespace="S.1" visibility="package" xmi.id="S.6"/>
    <UML:Stereotype baseClass="Package" isAbstract="false" isLeaf="false" isRoot="false" isSpecification="false" isTemplate="false" name="framework" namespace="S.1" visibility="package" xmi.id="S.7"/>
    <UML:Stereotype baseClass="Classifier" isAbstract="false" isLeaf="false" isRoot="false" isSpecification="false" isTemplate="false" name="enumeration" namespace="S.1" visibility="package" xmi.id="S.8"/>
    <UML:Stereotype baseClass="AssociationEnd" isAbstract="false" isLeaf="false" isRoot="false" isSpecification="false" isTemplate="false" name="association" namespace="S.1" visibility="package" xmi.id="S.9"/>
    <UML:Stereotype baseClass="Constraint" isAbstract="false" isLeaf="false" isRoot="false" isSpecification="false" isTemplate="false" name="precondition" namespace="S.1" visibility="package" xmi.id="S.10"/>
    <UML:Stereotype baseClass="Constraint" isAbstract="false" isLeaf="false" isRoot="false" isSpecification="false" isTemplate="false" name="invariant" namespace="S.1" visibility="package" xmi.id="S.11"/>
    <UML:Stereotype baseClass="Abstraction" isAbstract="false" isLeaf="false" isRoot="false" isSpecification="false" isTemplate="false" name="executable" namespace="S.1" visibility="package" xmi.id="S.12"/>
    <UML:Stereotype baseClass="Package" isAbstract="false" isLeaf="false" isRoot="false" isSpecification="false" isTemplate="false" name="profile" namespace="S.1" visibility="package" xmi.id="S.13"/>
    <UML:DataType isAbstract="false" isLeaf="false" isRoot="false" isSpecification="false" isTemplate="false" name="Integer" namespace="S.1" visibility="package" xmi.id="S.14"/>
    <UML:Stereotype baseClass="Class" isAbstract="false" isLeaf="false" isRoot="false" isSpecification="false" isTemplate="false" name="powertype" namespace="S.1" visibility="package" xmi.id="S.15"/>
    <UML:Stereotype baseClass="Abstraction" isAbstract="false" isLeaf="false" isRoot="false" isSpecification="false" isTemplate="false" name="document" namespace="S.1" visibility="package" xmi.id="S.16"/>
    <UML:Stereotype baseClass="Abstraction" isAbstract="false" isLeaf="false" isRoot="false" isSpecification="false" isTemplate="false" name="trace" namespace="S.1" visibility="package" xmi.id="S.17"/>
    <UML:Stereotype baseClass="AssociationEnd" isAbstract="false" isLeaf="false" isRoot="false" isSpecification="false" isTemplate="false" name="self" namespace="S.1" visibility="package" xmi.id="S.18"/>
    <UML:Stereotype baseClass="AssociationEnd" isAbstract="false" isLeaf="false" isRoot="false" isSpecification="false" isTemplate="false" name="local" namespace="S.1" visibility="package" xmi.id="S.19"/>
    <UML:Stereotype baseClass="Permission" isAbstract="false" isLeaf="false" isRoot="false" isSpecification="false" isTemplate="false" name="import" namespace="S.1" visibility="package" xmi.id="S.20"/>
    <UML:Stereotype baseClass="AssociationEnd" isAbstract="false" isLeaf="false" isRoot="false" isSpecification="false" isTemplate="false" name="parameter" namespace="S.1" visibility="package" xmi.id="S.21"/>
    <UML:Stereotype baseClass="Comment" isAbstract="false" isLeaf="false" isRoot="false" isSpecification="false" isTemplate="false" name="requirement" namespace="S.1" visibility="package" xmi.id="S.22"/>
    <UML:Stereotype baseClass="Comment" isAbstract="false" isLeaf="false" isRoot="false" isSpecification="false" isTemplate="false" name="responsibility" namespace="S.1" visibility="package" xmi.id="S.23"/>
    <UML:Stereotype baseClass="BehavioralFeature CallEvent" isAbstract="false" isLeaf="false" isRoot="false" isSpecification="false" isTemplate="false" name="destroy" namespace="S.1" visibility="package" xmi.id="S.24"/>
    <UML:Stereotype baseClass="Class Generalization" isAbstract="false" isLeaf="false" isRoot="false" isSpecification="false" isTemplate="false" name="implementation" namespace="S.1" visibility="package" xmi.id="S.25"/>
    <UML:Stereotype baseClass="Usage" isAbstract="false" isLeaf="false" isRoot="false" isSpecification="false" isTemplate="false" name="call" namespace="S.1" visibility="package" xmi.id="S.26"/>
    <UML:Stereotype baseClass="Package" isAbstract="false" isLeaf="false" isRoot="false" isSpecification="false" isTemplate="false" name="appliedProfile" namespace="S.1" visibility="package" xmi.id="S.27"/>
    <UML:Stereotype baseClass="Class" isAbstract="false" isLeaf="false" isRoot="false" isSpecification="false" isTemplate="false" name="type" namespace="S.1" visibility="package" xmi.id="S.28"/>
    <UML:Stereotype baseClass="Class" isAbstract="false" isLeaf="false" isRoot="false" isSpecification="false" isTemplate="false" name="focus" namespace="S.1" visibility="package" xmi.id="S.29"/>
    <UML:DataType isAbstract="false" isLeaf="false" isRoot="false" isSpecification="false" isTemplate="false" name="Real" namespace="S.1" visibility="package" xmi.id="S.30"/>
    <UML:Stereotype baseClass="Usage" isAbstract="false" isLeaf="false" isRoot="false" isSpecification="false" isTemplate="false" name="send" namespace="S.1" visibility="package" xmi.id="S.31"/>
    <UML:Stereotype baseClass="Classifier" isAbstract="false" isLeaf="false" isRoot="false" isSpecification="false" isTemplate="false" name="process" namespace="S.1" visibility="package" xmi.id="S.32"/>
    <UML:Stereotype baseClass="Permission" isAbstract="false" isLeaf="false" isRoot="false" isSpecification="false" isTemplate="false" name="access" namespace="S.1" visibility="package" xmi.id="S.33"/>
    <UML:Stereotype baseClass="BehavioralFeature CallEvent Usage" isAbstract="false" isLeaf="false" isRoot="false" isSpecification="false" isTemplate="false" name="create" namespace="S.1" visibility="package" xmi.id="S.34"/>
    <UML:Stereotype baseClass="Abstraction" isAbstract="false" isLeaf="false" isRoot="false" isSpecification="false" isTemplate="false" name="refine" namespace="S.1" visibility="package" xmi.id="S.35"/>
    <UML:Stereotype baseClass="Abstraction" isAbstract="false" isLeaf="false" isRoot="false" isSpecification="false" isTemplate="false" name="source" namespace="S.1" visibility="package" xmi.id="S.36"/>
    <UML:DataType isAbstract="false" isLeaf="false" isRoot="false" isSpecification="false" isTemplate="false" name="UnlimitedInteger" namespace="S.1" visibility="package" xmi.id="S.37"/>
    <UML:Stereotype baseClass="Abstraction" isAbstract="false" isLeaf="false" isRoot="false" isSpecification="false" isTemplate="false" name="table" namespace="S.1" visibility="package" xmi.id="S.38"/>
    <UML:Stereotype baseClass="Package" isAbstract="false" isLeaf="false" isRoot="false" isSpecification="false" isTemplate="false" name="stub" namespace="S.1" visibility="package" xmi.id="S.39"/>
    <UML:Stereotype baseClass="Abstraction" isAbstract="false" isLeaf="false" isRoot="false" isSpecification="false" isTemplate="false" name="library" namespace="S.1" visibility="package" xmi.id="S.40"/>
    <UML:Stereotype baseClass="Abstraction" isAbstract="false" isLeaf="false" isRoot="false" isSpecification="false" isTemplate="false" name="realize" namespace="S.1" visibility="package" xmi.id="S.41"/>
    <UML:Stereotype baseClass="Abstraction" isAbstract="false" isLeaf="false" isRoot="false" isSpecification="false" isTemplate="false" name="derive" namespace="S.1" visibility="package" xmi.id="S.42"/>
    <UML:Stereotype baseClass="Flow" isAbstract="false" isLeaf="false" isRoot="false" isSpecification="false" isTemplate="false" name="copy" namespace="S.1" visibility="package" xmi.id="S.43"/>
    <UML:Stereotype baseClass="Class" isAbstract="false" isLeaf="false" isRoot="false" isSpecification="false" isTemplate="false" name="auxiliary" namespace="S.1" visibility="package" xmi.id="S.44"/>
    <UML:Stereotype baseClass="Flow" isAbstract="false" isLeaf="false" isRoot="false" isSpecification="false" isTemplate="false" name="become" namespace="S.1" visibility="package" xmi.id="S.45"/>
    <UML:Stereotype baseClass="ObjectFlowState" isAbstract="false" isLeaf="false" isRoot="false" isSpecification="false" isTemplate="false" name="signalflow" namespace="S.1" visibility="package" xmi.id="S.46"/>
    <UML:Stereotype baseClass="Usage" isAbstract="false" isLeaf="false" isRoot="false" isSpecification="false" isTemplate="false" name="instantiate" namespace="S.1" visibility="package" xmi.id="S.47"/>
    <UML:Stereotype baseClass="Constraint" isAbstract="false" isLeaf="false" isRoot="false" isSpecification="false" isTemplate="false" name="stateInvariant" namespace="S.1" visibility="package" xmi.id="S.48"/>
    <UML:Stereotype baseClass="Constraint" isAbstract="false" isLeaf="false" isRoot="false" isSpecification="false" isTemplate="false" name="postcondition" namespace="S.1" visibility="package" xmi.id="S.49"/>
    <UML:Stereotype baseClass="Classifier" isAbstract="false" isLeaf="false" isRoot="false" isSpecification="false" isTemplate="false" name="utility" namespace="S.1" visibility="package" xmi.id="S.50"/>
    <UML:Stereotype baseClass="Classifier" isAbstract="false" isLeaf="false" isRoot="false" isSpecification="false" isTemplate="false" name="thread" namespace="S.1" visibility="package" xmi.id="S.51"/>
    <UML:DataType isAbstract="false" isLeaf="false" isRoot="false" isSpecification="false" isTemplate="false" name="String" namespace="S.1" visibility="package" xmi.id="S.52"/>
    <UML:Stereotype baseClass="Package" isAbstract="false" isLeaf="false" isRoot="false" isSpecification="false" isTemplate="false" name="modelLibrary" namespace="S.1" visibility="package" xmi.id="S.53"/>
    <UML:Stereotype baseClass="Package" isAbstract="false" isLeaf="false" isRoot="false" isSpecification="false" isTemplate="false" name="metamodel" namespace="S.1" visibility="package" xmi.id="S.54"/>
    <UML:Stereotype baseClass="Class" isAbstract="false" isLeaf="false" isRoot="false" isSpecification="false" isTemplate="false" name="metaclass" namespace="S.1" visibility="package" xmi.id="S.55"/>
    <UML:Stereotype baseClass="Package" isAbstract="false" isLeaf="false" isRoot="false" isSpecification="false" isTemplate="false" name="topLevel" namespace="S.1" visibility="package" xmi.id="S.56"/>
    <UML:DataType isAbstract="false" isLeaf="false" isRoot="false" isSpecification="false" isTemplate="false" name="Boolean" namespace="S.1" visibility="package" xmi.id="S.57"/>
    <UML:Stereotype baseClass="Permission" isAbstract="false" isLeaf="false" isRoot="false" isSpecification="false" isTemplate="false" name="friend" namespace="S.1" visibility="package" xmi.id="S.58"/>
    <UML:Stereotype baseClass="Classifier" isAbstract="false" isLeaf="false" isRoot="false" isSpecification="false" isTemplate="false" name="DTDChoice" namespace="S.1" visibility="public" xmi.id="S.59"/>
    <UML:Stereotype baseClass="Classifier" isAbstract="false" isLeaf="false" isRoot="false" isSpecification="false" isTemplate="false" name="DTDSequence" namespace="S.1" visibility="public" xmi.id="S.60"/>
    <UML:Stereotype baseClass="Classifier" isAbstract="false" isLeaf="false" isRoot="false" isSpecification="false" isTemplate="false" name="DTDMixed" namespace="S.1" visibility="public" xmi.id="S.61"/>
    <UML:Stereotype baseClass="Classifier" isAbstract="false" isLeaf="false" isRoot="false" isSpecification="false" isTemplate="false" name="DTDAny" namespace="S.1" visibility="public" xmi.id="S.62"/>
    <UML:Stereotype baseClass="Classifier" isAbstract="false" isLeaf="false" isRoot="false" isSpecification="false" isTemplate="false" name="DTDAnyElement" namespace="S.1" visibility="public" xmi.id="S.63"/>
    <UML:Stereotype baseClass="Classifier" isAbstract="false" isLeaf="false" isRoot="false" isSpecification="false" isTemplate="false" name="DTDEmptyElement" namespace="S.1" visibility="public" xmi.id="S.64"/>
    <UML:Stereotype baseClass="Classifier" isAbstract="false" isLeaf="false" isRoot="false" isSpecification="false" isTemplate="false" name="DTDElement" namespace="S.1" visibility="public" xmi.id="S.65"/>
    <UML:Stereotype baseClass="Classifier" isAbstract="false" isLeaf="false" isRoot="false" isSpecification="false" isTemplate="false" name="DTDUndefinedElement" namespace="S.1" visibility="public" xmi.id="S.66"/>
    <UML:Stereotype baseClass="Attribute" isAbstract="false" isLeaf="false" isRoot="false" isSpecification="false" isTemplate="false" name="DTDUndefinedAttribute" namespace="S.1" visibility="public" xmi.id="S.67"/>
    <UML:Stereotype baseClass="Association" isAbstract="false" isLeaf="false" isRoot="false" isSpecification="false" isTemplate="false" name="DTDUndefinedAssociation" namespace="S.1" visibility="public" xmi.id="S.68"/>
    <UML:Stereotype baseClass="Association" isAbstract="false" isLeaf="false" isRoot="false" isSpecification="false" isTemplate="false" name="DTDInvalidAssociation" namespace="S.1" visibility="public" xmi.id="S.69"/>
    <UML:Stereotype baseClass="Attribute" isAbstract="false" isLeaf="false" isRoot="false" isSpecification="false" isTemplate="false" name="CDATA" namespace="S.1" visibility="public" xmi.id="S.70"/>
    <UML:Stereotype baseClass="Attribute" isAbstract="false" isLeaf="false" isRoot="false" isSpecification="false" isTemplate="false" name="ID" namespace="S.1" visibility="public" xmi.id="S.71"/>
    <UML:Stereotype baseClass="Attribute" isAbstract="false" isLeaf="false" isRoot="false" isSpecification="false" isTemplate="false" name="IDREF" namespace="S.1" visibility="public" xmi.id="S.72"/>
    <UML:Stereotype baseClass="Attribute" isAbstract="false" isLeaf="false" isRoot="false" isSpecification="false" isTemplate="false" name="IDREFS" namespace="S.1" visibility="public" xmi.id="S.73"/>
    <UML:Stereotype baseClass="Attribute" isAbstract="false" isLeaf="false" isRoot="false" isSpecification="false" isTemplate="false" name="NMTOKEN" namespace="S.1" visibility="public" xmi.id="S.74"/>
    <UML:Stereotype baseClass="Attribute" isAbstract="false" isLeaf="false" isRoot="false" isSpecification="false" isTemplate="false" name="NMTOKENS" namespace="S.1" visibility="public" xmi.id="S.75"/>
    <UML:Stereotype baseClass="Attribute" isAbstract="false" isLeaf="false" isRoot="false" isSpecification="false" isTemplate="false" name="ENTITY" namespace="S.1" visibility="public" xmi.id="S.76"/>
    <UML:Stereotype baseClass="Attribute" isAbstract="false" isLeaf="false" isRoot="false" isSpecification="false" isTemplate="false" name="ENTITIES" namespace="S.1" visibility="public" xmi.id="S.77"/>
    <UML:Stereotype baseClass="Attribute" isAbstract="false" isLeaf="false" isRoot="false" isSpecification="false" isTemplate="false" name="NOTATION" namespace="S.1" visibility="public" xmi.id="S.78"/>
    <UML:Stereotype baseClass="Attribute" isAbstract="false" isLeaf="false" isRoot="false" isSpecification="false" isTemplate="false" name="REQUIRED" namespace="S.1" visibility="public" xmi.id="S.79"/>
    <UML:Stereotype baseClass="Attribute" isAbstract="false" isLeaf="false" isRoot="false" isSpecification="false" isTemplate="false" name="IMPLIED" namespace="S.1" visibility="public" xmi.id="S.80"/>
    <UML:Stereotype baseClass="Attribute" isAbstract="false" isLeaf="false" isRoot="false" isSpecification="false" isTemplate="false" name="FIXED" namespace="S.1" visibility="public" xmi.id="S.81"/>
    <UML:Stereotype baseClass="AttributeLink" isAbstract="false" isLeaf="false" isRoot="false" isSpecification="false" isTemplate="false" name="XMLMissingAttribute" namespace="S.1" visibility="public" xmi.id="S.82"/>
    <UML:Stereotype baseClass="AttributeLink" isAbstract="false" isLeaf="false" isRoot="false" isSpecification="false" isTemplate="false" name="XMLUnexpectedAttribute" namespace="S.1" visibility="public" xmi.id="S.83"/>
    <UML:Stereotype baseClass="Object" isAbstract="false" isLeaf="false" isRoot="false" isSpecification="false" isTemplate="false" name="XMLMissingElement" namespace="S.1" visibility="public" xmi.id="S.84"/>
    <UML:Stereotype baseClass="Object" isAbstract="false" isLeaf="false" isRoot="false" isSpecification="false" isTemplate="false" name="XMLUnexpectedElement" namespace="S.1" visibility="public" xmi.id="S.85"/>
    <UML:Stereotype baseClass="Link" isAbstract="false" isLeaf="false" isRoot="false" isSpecification="false" isTemplate="false" name="XMLMissingLink" namespace="S.1" visibility="public" xmi.id="S.86"/>
    <UML:Stereotype baseClass="Link" isAbstract="false" isLeaf="false" isRoot="false" isSpecification="false" isTemplate="false" name="XMLUnexpectedLink" namespace="S.1" visibility="public" xmi.id="S.87"/>
    <UML:Stereotype baseClass="Link" isAbstract="false" isLeaf="false" isRoot="false" isSpecification="false" isTemplate="false" name="XMLInvalidLink" namespace="S.1" visibility="public" xmi.id="S.88"/>
    <UML:Stereotype baseClass="Collaboration" isAbstract="false" isLeaf="false" isRoot="false" isSpecification="false" isTemplate="false" name="XMLObjectsCollaboration" namespace="S.1" visibility="public" xmi.id="S.89"/>
    <UML:TagDefinition isSpecification="false" isTemplate="false" name="sequence" namespace="S.1" tagType="Integer" visibility="public" xmi.id="S.90">
     <UML:TagDefinition.multiplicity>
      <UML:Multiplicity xmi.id="S.91">
       <UML:Multiplicity.range>
        <UML:MultiplicityRange lower="1" multiplicity="S.91" upper="1" xmi.id="S.92"/>
       </UML:Multiplicity.range>
      </UML:Multiplicity>
     </UML:TagDefinition.multiplicity>
    </UML:TagDefinition>
    <UML:TagDefinition isSpecification="false" isTemplate="false" name="choice" namespace="S.1" tagType="Integer" visibility="public" xmi.id="S.93">
     <UML:TagDefinition.multiplicity>
      <UML:Multiplicity xmi.id="S.94">
       <UML:Multiplicity.range>
        <UML:MultiplicityRange lower="1" multiplicity="S.94" upper="1" xmi.id="S.95"/>
       </UML:Multiplicity.range>
      </UML:Multiplicity>
     </UML:TagDefinition.multiplicity>
    </UML:TagDefinition>
    <UML:TagDefinition isSpecification="false" isTemplate="false" name="mixed" namespace="S.1" tagType="Integer" visibility="public" xmi.id="S.96">
     <UML:TagDefinition.multiplicity>
      <UML:Multiplicity xmi.id="S.97">
       <UML:Multiplicity.range>
        <UML:MultiplicityRange lower="1" multiplicity="S.97" upper="1" xmi.id="S.98"/>
       </UML:Multiplicity.range>
      </UML:Multiplicity>
     </UML:TagDefinition.multiplicity>
    </UML:TagDefinition>
    <UML:TagDefinition isSpecification="false" isTemplate="false" name="any" namespace="S.1" tagType="Integer" visibility="public" xmi.id="S.99">
     <UML:TagDefinition.multiplicity>
      <UML:Multiplicity xmi.id="S.100">
       <UML:Multiplicity.range>
        <UML:MultiplicityRange lower="1" multiplicity="S.100" upper="1" xmi.id="S.101"/>
       </UML:Multiplicity.range>
      </UML:Multiplicity>
     </UML:TagDefinition.multiplicity>
    </UML:TagDefinition>
    <UML:Class isAbstract="false" isActive="true" isLeaf="false" isRoot="false" isSpecification="false" isTemplate="false" name="Crate" namespace="S.1" visibility="public" xmi.id="S.102">
     <UML:Classifier.feature>
      <UML:Attribute changeability="changeable" isSpecification="false" isTemplate="false" name="weight" ordering="unordered" owner="S.102" ownerScope="instance" targetScope="instance" type="S.14" visibility="protected" xmi.id="S.103">
       <UML:Attribute.initialValue>
        <UML:Expression body="" xmi.id="S.104"/>
       </UML:Attribute.initialValue>
       <UML:StructuralFeature.multiplicity>
        <UML:Multiplicity xmi.id="S.105">
         <UML:Multiplicity.range>
          <UML:MultiplicityRange lower="1" multiplicity="S.105" upper="1" xmi.id="S.106"/>
         </UML:Multiplicity.range>
        </UML:Multiplicity>
       </UML:StructuralFeature.multiplicity>
      </UML:Attribute>
      <UML:Attribute changeability="changeable" isSpecification="false" isTemplate="false" name="maxWeight" ordering="unordered" owner="S.102" ownerScope="instance" targetScope="instance" type="S.14" visibility="protected" xmi.id="S.107">
       <UML:Attribute.initialValue>
        <UML:Expression body="" xmi.id="S.108"/>
       </UML:Attribute.initialValue>
       <UML:StructuralFeature.multiplicity>
        <UML:Multiplicity xmi.id="S.109">
         <UML:Multiplicity.range>
          <UML:MultiplicityRange lower="1" multiplicity="S.109" upper="1" xmi.id="S.110"/>
         </UML:Multiplicity.range>
        </UML:Multiplicity>
       </UML:StructuralFeature.multiplicity>
      </UML:Attribute>
      <UML:Attribute changeability="changeable" isSpecification="false" isTemplate="false" name="maxDiameter" ordering="unordered" owner="S.102" ownerScope="instance" targetScope="instance" type="S.14" visibility="protected" xmi.id="S.111">
       <UML:Attribute.initialValue>
        <UML:Expression body="" xmi.id="S.112"/>
       </UML:Attribute.initialValue>
       <UML:StructuralFeature.multiplicity>
        <UML:Multiplicity xmi.id="S.113">
         <UML:Multiplicity.range>
          <UML:MultiplicityRange lower="1" multiplicity="S.113" upper="1" xmi.id="S.114"/>
         </UML:Multiplicity.range>
        </UML:Multiplicity>
       </UML:StructuralFeature.multiplicity>
      </UML:Attribute>
      <UML:Operation concurrency="concurrent" isAbstract="false" isLeaf="false" isQuery="false" isRoot="false" isSpecification="false" isTemplate="false" name="totalWeight" owner="S.102" ownerScope="instance" visibility="public" xmi.id="S.115">
       <UML:BehavioralFeature.parameter>
        <UML:Parameter behavioralFeature="S.115" isSpecification="false" isTemplate="false" kind="return" name="weight" type="S.14" visibility="private" xmi.id="S.116"/>
       </UML:BehavioralFeature.parameter>
      </UML:Operation>
      <UML:Operation concurrency="concurrent" isAbstract="false" isLeaf="false" isQuery="false" isRoot="false" isSpecification="false" isTemplate="false" name="addBottle" owner="S.102" ownerScope="instance" visibility="public" xmi.id="S.117">
       <UML:BehavioralFeature.parameter>
        <UML:Parameter behavioralFeature="S.117" isSpecification="false" isTemplate="false" kind="in" name="b" type="S.119" visibility="private" xmi.id="S.118"/>
       </UML:BehavioralFeature.parameter>
      </UML:Operation>
      <UML:Attribute changeability="changeable" isSpecification="false" isTemplate="false" name="capacity" ordering="unordered" owner="S.102" ownerScope="instance" targetScope="instance" type="S.14" visibility="protected" xmi.id="S.120">
       <UML:Attribute.initialValue>
        <UML:Expression body="" xmi.id="S.121"/>
       </UML:Attribute.initialValue>
       <UML:StructuralFeature.multiplicity>
        <UML:Multiplicity xmi.id="S.122">
         <UML:Multiplicity.range>
          <UML:MultiplicityRange lower="1" multiplicity="S.122" upper="1" xmi.id="S.123"/>
         </UML:Multiplicity.range>
        </UML:Multiplicity>
       </UML:StructuralFeature.multiplicity>
      </UML:Attribute>
     </UML:Classifier.feature>
    </UML:Class>
    <UML:Class isAbstract="false" isActive="true" isLeaf="false" isRoot="false" isSpecification="false" isTemplate="false" name="Bottle" namespace="S.1" visibility="public" xmi.id="S.119">
     <UML:Classifier.feature>
      <UML:Attribute changeability="changeable" isSpecification="false" isTemplate="false" name="weight" ordering="unordered" owner="S.119" ownerScope="instance" targetScope="instance" type="S.14" visibility="protected" xmi.id="S.124">
       <UML:Attribute.initialValue>
        <UML:Expression body="" xmi.id="S.125"/>
       </UML:Attribute.initialValue>
       <UML:StructuralFeature.multiplicity>
        <UML:Multiplicity xmi.id="S.126">
         <UML:Multiplicity.range>
          <UML:MultiplicityRange lower="1" multiplicity="S.126" upper="1" xmi.id="S.127"/>
         </UML:Multiplicity.range>
        </UML:Multiplicity>
       </UML:StructuralFeature.multiplicity>
      </UML:Attribute>
      <UML:Attribute changeability="changeable" isSpecification="false" isTemplate="false" name="diameter" ordering="unordered" owner="S.119" ownerScope="instance" targetScope="instance" type="S.14" visibility="protected" xmi.id="S.128">
       <UML:Attribute.initialValue>
        <UML:Expression body="" xmi.id="S.129"/>
       </UML:Attribute.initialValue>
       <UML:StructuralFeature.multiplicity>
        <UML:Multiplicity xmi.id="S.130">
         <UML:Multiplicity.range>
          <UML:MultiplicityRange lower="1" multiplicity="S.130" upper="1" xmi.id="S.131"/>
         </UML:Multiplicity.range>
        </UML:Multiplicity>
       </UML:StructuralFeature.multiplicity>
      </UML:Attribute>
      <UML:Operation concurrency="concurrent" isAbstract="false" isLeaf="false" isQuery="false" isRoot="false" isSpecification="false" isTemplate="false" name="totalWeight" owner="S.119" ownerScope="instance" visibility="public" xmi.id="S.132">
       <UML:BehavioralFeature.parameter>
        <UML:Parameter behavioralFeature="S.132" isSpecification="false" isTemplate="false" kind="return" name="weight" type="S.14" visibility="private" xmi.id="S.133"/>
       </UML:BehavioralFeature.parameter>
      </UML:Operation>
      <UML:Operation concurrency="concurrent" isAbstract="false" isLeaf="false" isQuery="false" isRoot="false" isSpecification="false" isTemplate="false" name="getDiameter" owner="S.119" ownerScope="instance" visibility="public" xmi.id="S.134">
       <UML:BehavioralFeature.parameter>
        <UML:Parameter behavioralFeature="S.134" isSpecification="false" isTemplate="false" kind="return" name="d" type="S.14" visibility="private" xmi.id="S.135"/>
       </UML:BehavioralFeature.parameter>
      </UML:Operation>
     </UML:Classifier.feature>
    </UML:Class>
    <UML:Association isAbstract="false" isLeaf="false" isRoot="false" isSpecification="false" isTemplate="false" name="A_Crate_Bottle" namespace="S.1" visibility="public" xmi.id="S.136">
     <UML:Association.connection>
      <UML:AssociationEnd aggregation="none" association="S.136" changeability="changeable" isNavigable="true" isSpecification="false" isTemplate="false" name="crate" ordering="unordered" targetScope="instance" type="S.102" visibility="public" xmi.id="S.137">
       <UML:AssociationEnd.multiplicity>
        <UML:Multiplicity xmi.id="S.138">
         <UML:Multiplicity.range>
          <UML:MultiplicityRange lower="0" multiplicity="S.138" upper="1" xmi.id="S.139"/>
         </UML:Multiplicity.range>
        </UML:Multiplicity>
       </UML:AssociationEnd.multiplicity>
      </UML:AssociationEnd>
      <UML:AssociationEnd aggregation="none" association="S.136" changeability="changeable" isNavigable="true" isSpecification="false" isTemplate="false" name="bottles" ordering="unordered" targetScope="instance" type="S.119" visibility="public" xmi.id="S.140">
       <UML:AssociationEnd.multiplicity>
        <UML:Multiplicity xmi.id="S.141">
         <UML:Multiplicity.range>
          <UML:MultiplicityRange lower="0" multiplicity="S.141" upper="-1" xmi.id="S.142"/>
         </UML:Multiplicity.range>
        </UML:Multiplicity>
       </UML:AssociationEnd.multiplicity>
      </UML:AssociationEnd>
     </UML:Association.connection>
    </UML:Association>
   </UML:Namespace.ownedElement>
  </UML:Model>
 </XMI.content>
</XMI>
