<?xml version="1.0" encoding="UTF-8" standalone="no"?>
<XMI xmlns:GXML="//lci.cs.ubbcluj.ro/gxml" xmlns:UML="//org.omg/UML/1.3" xmi.version="1.1">
 <XMI.header>
  <XMI.documentation>
   <XMI.exporter>ocle 2.0</XMI.exporter>
   <XMI.exporterVersion>1.0</XMI.exporterVersion>
  </XMI.documentation>
  <XMI.metamodel xmi.name="GXAPI" xmi.version="0.1"/>
 </XMI.header>
 <XMI.content>
  <GXML:ClassDiagram background="java.awt.Color[r=255,g=255,b=255]" gridVisible="false" isLocked="false" name="Company-Person" xmi.id="S.1" xmlns:GXML="http://lci/xml">
   <GXML:ClassDiagram.viewAttributes>
    <GXML:Hashtable keys="S.3 S.4 S.5 S.6 S.7 S.8 S.9 S.10 S.11 S.12 S.13 S.14 S.15 S.16 S.17 S.18 S.19 S.20 S.21 S.22 S.23 S.24 S.25 S.26 S.27" xmi.id="S.2">
     <GXML:Hashtable.values>
      <GXML:HashtableStrings keys="editable bordercolor bounds opaque" values="true java.awt.Color[r=255,g=255,b=255] java.awt.Rectangle[x=490,y=159,width=25,height=21] false" xmi.id="S.28"/>
      <GXML:HashtableStrings keys="bounds opaque" values="java.awt.Rectangle[x=54,y=16,width=196,height=91] true" xmi.id="S.29"/>
      <GXML:HashtableStrings keys="editable bordercolor bounds opaque" values="true java.awt.Color[r=255,g=255,b=255] java.awt.Rectangle[x=607,y=118,width=25,height=21] false" xmi.id="S.30"/>
      <GXML:HashtableStrings keys="bounds opaque" values="java.awt.Rectangle[x=499,y=149,width=196,height=110] true" xmi.id="S.31"/>
      <GXML:HashtableStrings xmi.id="S.32"/>
      <GXML:HashtableStrings keys="lineBegin linewidth endsize editable lineEnd points labelposition beginSize" values="0 1.0 18 false 0 [java.awt.Point[x=598,y=205],_java.awt.Point[x=376,y=36],_java.awt.Point[x=196,y=206]] java.awt.Point[x=500,y=500] 18" xmi.id="S.33">
       <GXML:HashtableStrings.value>
        <UML:Association href="../NewModel.xml|S.141" xml:link="simple" xmlns:UML="http://lci/xml"/>
       </GXML:HashtableStrings.value>
      </GXML:HashtableStrings>
      <GXML:HashtableStrings xmi.id="S.34"/>
      <GXML:HashtableStrings keys="editable bordercolor bounds opaque" values="true java.awt.Color[r=255,g=255,b=255] java.awt.Rectangle[x=423,y=173,width=66,height=21] false" xmi.id="S.35"/>
      <GXML:HashtableStrings keys="editable bordercolor bounds opaque" values="true java.awt.Color[r=255,g=255,b=255] java.awt.Rectangle[x=705,y=214,width=12,height=21] false" xmi.id="S.36"/>
      <GXML:HashtableStrings keys="editable bordercolor bounds opaque" values="true java.awt.Color[r=255,g=255,b=255] java.awt.Rectangle[x=253,y=170,width=12,height=21] false" xmi.id="S.37"/>
      <GXML:HashtableStrings keys="editable bordercolor bounds opaque" values="true java.awt.Color[r=255,g=255,b=255] java.awt.Rectangle[x=477,y=214,width=12,height=21] false" xmi.id="S.38"/>
      <GXML:HashtableStrings keys="editable bordercolor bounds opaque" values="true java.awt.Color[r=255,g=255,b=255] java.awt.Rectangle[x=303,y=215,width=12,height=21] false" xmi.id="S.39"/>
      <GXML:HashtableStrings xmi.id="S.40"/>
      <GXML:HashtableStrings xmi.id="S.41"/>
      <GXML:HashtableStrings xmi.id="S.42"/>
      <GXML:HashtableStrings keys="editable bordercolor bounds opaque" values="true java.awt.Color[r=255,g=255,b=255] java.awt.Rectangle[x=253,y=129,width=76,height=21] false" xmi.id="S.43"/>
      <GXML:HashtableStrings keys="editable bordercolor bounds opaque" values="true java.awt.Color[r=255,g=255,b=255] java.awt.Rectangle[x=705,y=173,width=51,height=21] false" xmi.id="S.44"/>
      <GXML:HashtableStrings keys="bounds opaque" values="java.awt.Rectangle[x=98,y=160,width=195,height=90] true" xmi.id="S.45"/>
      <GXML:HashtableStrings keys="lineBegin linewidth endsize editable lineEnd points labelposition beginSize" values="0 1.0 18 false 0 [java.awt.Point[x=598,y=205],_java.awt.Point[x=196,y=206]] java.awt.Point[x=500,y=500] 18" xmi.id="S.46">
       <GXML:HashtableStrings.value>
        <UML:Association href="../NewModel.xml|S.134" xml:link="simple" xmlns:UML="http://lci/xml"/>
       </GXML:HashtableStrings.value>
      </GXML:HashtableStrings>
      <GXML:HashtableStrings keys="editable bordercolor bounds opaque" values="true java.awt.Color[r=255,g=255,b=255] java.awt.Rectangle[x=477,y=118,width=38,height=21] false" xmi.id="S.47"/>
      <GXML:HashtableStrings keys="editable bordercolor bounds opaque" values="true java.awt.Color[r=255,g=255,b=255] java.awt.Rectangle[x=303,y=174,width=76,height=21] false" xmi.id="S.48"/>
      <GXML:HashtableStrings keys="editable bordercolor bounds opaque" values="true java.awt.Color[r=255,g=255,b=255] java.awt.Rectangle[x=526,y=118,width=61,height=21] false" xmi.id="S.49"/>
      <GXML:HashtableStrings keys="offset" values="java.awt.Point[x=500,y=0]" xmi.id="S.50"/>
      <GXML:HashtableStrings keys="labelposition endsize beginSize lineEnd editable points linewidth" values="java.awt.Point[x=500,y=500] 18 18 4 false [java.awt.Point[x=598,y=205],_java.awt.Point[x=793,y=204],_java.awt.Point[x=793,y=94],_java.awt.Point[x=597,y=94],_java.awt.Point[x=597,y=150]] 1.0" xmi.id="S.51">
       <GXML:HashtableStrings.value>
        <UML:Association href="../NewModel.xml|S.127" xml:link="simple" xmlns:UML="http://lci/xml"/>
       </GXML:HashtableStrings.value>
      </GXML:HashtableStrings>
      <GXML:HashtableStrings xmi.id="S.52"/>
     </GXML:Hashtable.values>
    </GXML:Hashtable>
   </GXML:ClassDiagram.viewAttributes>
   <GXML:ClassDiagram.relationViews>
    <GXML:SpecialEdge xmi.idref="S.26"/>
    <GXML:SpecialEdge xmi.idref="S.21"/>
    <GXML:SpecialEdge xmi.idref="S.8"/>
   </GXML:ClassDiagram.relationViews>
   <GXML:ClassDiagram.globalFilter>
    <GXML:ClassFilter xmi.id="S.53">
     <GXML:ClassFilter.map>
      <GXML:HashtableStrings keys="a_pac m_pub m_pro m_pri msignature a_pri stereotype a_pub a_pro m_pac" values="true true true true true true true true true true" xmi.id="S.54"/>
     </GXML:ClassFilter.map>
    </GXML:ClassFilter>
   </GXML:ClassDiagram.globalFilter>
   <GXML:ClassDiagram.cells>
    <GXML:SpecialEdge xmi.idref="S.21"/>
    <GXML:ClassCell xmi.idref="S.6"/>
    <GXML:SpecialEdge xmi.idref="S.26"/>
    <GXML:DefaultGraphCell xmi.idref="S.11"/>
    <GXML:DefaultGraphCell xmi.idref="S.19"/>
    <GXML:DefaultGraphCell xmi.idref="S.5"/>
    <GXML:DefaultGraphCell xmi.idref="S.24"/>
    <GXML:ClassCell xmi.idref="S.20"/>
    <GXML:ClassCell xmi.idref="S.4"/>
    <GXML:SpecialEdge xmi.idref="S.8"/>
    <GXML:DefaultGraphCell xmi.idref="S.3"/>
    <GXML:DefaultGraphCell xmi.idref="S.22"/>
    <GXML:DefaultGraphCell xmi.idref="S.12"/>
    <GXML:DefaultGraphCell xmi.idref="S.18"/>
    <GXML:DefaultGraphCell xmi.idref="S.13"/>
    <GXML:DefaultGraphCell xmi.idref="S.10"/>
    <GXML:DefaultGraphCell xmi.idref="S.14"/>
    <GXML:DefaultGraphCell xmi.idref="S.23"/>
   </GXML:ClassDiagram.cells>
   <GXML:ClassDiagram.owner>
    <UML:Model href="../NewModel.xml|S.1" xml:link="simple" xmlns:UML="http://lci/xml"/>
   </GXML:ClassDiagram.owner>
   <GXML:ClassDiagram.flat>
    <GXML:DefaultGraphCell allowsChildren="true" userObjectString="+CEO" xmi.id="S.22">
     <GXML:DefaultGraphCell.attributes>
      <GXML:HashtableStrings keys="value" values="+CEO" xmi.id="S.55"/>
     </GXML:DefaultGraphCell.attributes>
    </GXML:DefaultGraphCell>
    <GXML:DefaultGraphCell allowsChildren="true" userObjectString="1" xmi.id="S.14">
     <GXML:DefaultGraphCell.attributes>
      <GXML:HashtableStrings keys="value" values="1" xmi.id="S.56"/>
     </GXML:DefaultGraphCell.attributes>
    </GXML:DefaultGraphCell>
    <GXML:ClassCell allowsChildren="true" children="S.9 S.25" hasAutoR="true" isFiltered="false" isInterface="false" showPackage="false" xmi.id="S.6">
     <GXML:ClassCell.property>
      <GXML:ClassGProperty bodyfontSize="11" fillColor="java.awt.Color[r=255,g=255,b=255]" outlineColor="java.awt.Color[r=0,g=0,b=0]" outlineWidth="1" selectionColor="java.awt.Color[r=255,g=0,b=0]" titlefontSize="12" xmi.id="S.57"/>
     </GXML:ClassCell.property>
     <GXML:ClassCell.filter>
      <GXML:ClassFilter xmi.id="S.58">
       <GXML:ClassFilter.map>
        <GXML:HashtableStrings keys="a_pac m_pub m_pro m_pri msignature a_pri stereotype a_pub a_pro m_pac" values="true true true true true true true true true true" xmi.id="S.59"/>
       </GXML:ClassFilter.map>
      </GXML:ClassFilter>
     </GXML:ClassCell.filter>
     <GXML:DefaultGraphCell.attributes>
      <GXML:HashtableStrings xmi.id="S.60">
       <GXML:HashtableStrings.value>
        <UML:Class href="../NewModel.xml|S.103" xml:link="simple" xmlns:UML="http://lci/xml"/>
       </GXML:HashtableStrings.value>
      </GXML:HashtableStrings>
     </GXML:DefaultGraphCell.attributes>
     <GXML:DefaultMutableTreeNode.userObject>
      <UML:Class href="../NewModel.xml|S.103" xml:link="simple" xmlns:UML="http://lci/xml"/>
     </GXML:DefaultMutableTreeNode.userObject>
    </GXML:ClassCell>
    <GXML:SpecialPort allowsChildren="false" parent="S.21" xmi.id="S.15">
     <GXML:DefaultGraphCell.attributes>
      <GXML:HashtableStrings xmi.id="S.61"/>
     </GXML:DefaultGraphCell.attributes>
    </GXML:SpecialPort>
    <GXML:SpecialPort allowsChildren="false" parent="S.6" xmi.id="S.25">
     <GXML:DefaultGraphCell.attributes>
      <GXML:HashtableStrings keys="offset" values="java.awt.Point[x=500,y=0]" xmi.id="S.62"/>
     </GXML:DefaultGraphCell.attributes>
    </GXML:SpecialPort>
    <GXML:DefaultGraphCell allowsChildren="true" userObjectString="+employee" xmi.id="S.10">
     <GXML:DefaultGraphCell.attributes>
      <GXML:HashtableStrings keys="value" values="+employee" xmi.id="S.63"/>
     </GXML:DefaultGraphCell.attributes>
    </GXML:DefaultGraphCell>
    <GXML:DefaultGraphCell allowsChildren="true" userObjectString="1" xmi.id="S.13">
     <GXML:DefaultGraphCell.attributes>
      <GXML:HashtableStrings keys="value" values="1" xmi.id="S.64"/>
     </GXML:DefaultGraphCell.attributes>
    </GXML:DefaultGraphCell>
    <GXML:ClassCell allowsChildren="true" children="S.7" hasAutoR="false" isFiltered="false" isInterface="false" showPackage="false" xmi.id="S.20">
     <GXML:ClassCell.property>
      <GXML:ClassGProperty bodyfontSize="11" fillColor="java.awt.Color[r=255,g=255,b=255]" outlineColor="java.awt.Color[r=0,g=0,b=0]" outlineWidth="1" selectionColor="java.awt.Color[r=255,g=0,b=0]" titlefontSize="12" xmi.id="S.65"/>
     </GXML:ClassCell.property>
     <GXML:ClassCell.filter>
      <GXML:ClassFilter xmi.id="S.66">
       <GXML:ClassFilter.map>
        <GXML:HashtableStrings keys="a_pac m_pub m_pro m_pri msignature a_pri stereotype a_pub a_pro m_pac" values="true true true true true true true true true true" xmi.id="S.67"/>
       </GXML:ClassFilter.map>
      </GXML:ClassFilter>
     </GXML:ClassCell.filter>
     <GXML:DefaultGraphCell.attributes>
      <GXML:HashtableStrings xmi.id="S.68">
       <GXML:HashtableStrings.value>
        <UML:Class href="../NewModel.xml|S.126" xml:link="simple" xmlns:UML="http://lci/xml"/>
       </GXML:HashtableStrings.value>
      </GXML:HashtableStrings>
     </GXML:DefaultGraphCell.attributes>
     <GXML:DefaultMutableTreeNode.userObject>
      <UML:Class href="../NewModel.xml|S.126" xml:link="simple" xmlns:UML="http://lci/xml"/>
     </GXML:DefaultMutableTreeNode.userObject>
    </GXML:ClassCell>
    <GXML:DefaultGraphCell allowsChildren="true" userObjectString="1" xmi.id="S.12">
     <GXML:DefaultGraphCell.attributes>
      <GXML:HashtableStrings keys="value" values="1" xmi.id="S.69"/>
     </GXML:DefaultGraphCell.attributes>
    </GXML:DefaultGraphCell>
    <GXML:ClassCell allowsChildren="true" children="S.16" hasAutoR="false" isFiltered="false" isInterface="false" showPackage="false" xmi.id="S.4">
     <GXML:ClassCell.property>
      <GXML:ClassGProperty bodyfontSize="11" fillColor="java.awt.Color[r=255,g=255,b=255]" outlineColor="java.awt.Color[r=0,g=0,b=0]" outlineWidth="1" selectionColor="java.awt.Color[r=255,g=0,b=0]" titlefontSize="12" xmi.id="S.70"/>
     </GXML:ClassCell.property>
     <GXML:ClassCell.filter>
      <GXML:ClassFilter xmi.id="S.71">
       <GXML:ClassFilter.map>
        <GXML:HashtableStrings keys="a_pac m_pub m_pro m_pri msignature a_pri stereotype a_pub a_pro m_pac" values="true true true true true true true true true true" xmi.id="S.72"/>
       </GXML:ClassFilter.map>
      </GXML:ClassFilter>
     </GXML:ClassCell.filter>
     <GXML:DefaultGraphCell.attributes>
      <GXML:HashtableStrings xmi.id="S.73">
       <GXML:HashtableStrings.value>
        <UML:Class href="../NewModel.xml|S.9" xml:link="simple" xmlns:UML="http://lci/xml"/>
       </GXML:HashtableStrings.value>
      </GXML:HashtableStrings>
     </GXML:DefaultGraphCell.attributes>
     <GXML:DefaultMutableTreeNode.userObject>
      <UML:Class href="../NewModel.xml|S.9" xml:link="simple" xmlns:UML="http://lci/xml"/>
     </GXML:DefaultMutableTreeNode.userObject>
    </GXML:ClassCell>
    <GXML:DefaultGraphCell allowsChildren="true" userObjectString="+husband" xmi.id="S.24">
     <GXML:DefaultGraphCell.attributes>
      <GXML:HashtableStrings keys="value" values="+husband" xmi.id="S.74"/>
     </GXML:DefaultGraphCell.attributes>
    </GXML:DefaultGraphCell>
    <GXML:SpecialPort allowsChildren="false" parent="S.4" xmi.id="S.16">
     <GXML:DefaultGraphCell.attributes>
      <GXML:HashtableStrings xmi.id="S.75"/>
     </GXML:DefaultGraphCell.attributes>
    </GXML:SpecialPort>
    <GXML:SpecialPort allowsChildren="false" parent="S.6" xmi.id="S.9">
     <GXML:DefaultGraphCell.attributes>
      <GXML:HashtableStrings xmi.id="S.76"/>
     </GXML:DefaultGraphCell.attributes>
    </GXML:SpecialPort>
    <GXML:DefaultGraphCell allowsChildren="true" userObjectString="+company_1" xmi.id="S.23">
     <GXML:DefaultGraphCell.attributes>
      <GXML:HashtableStrings keys="value" values="+company_1" xmi.id="S.77"/>
     </GXML:DefaultGraphCell.attributes>
    </GXML:DefaultGraphCell>
    <GXML:SpecialPort allowsChildren="false" parent="S.26" xmi.id="S.27">
     <GXML:DefaultGraphCell.attributes>
      <GXML:HashtableStrings xmi.id="S.78"/>
     </GXML:DefaultGraphCell.attributes>
    </GXML:SpecialPort>
    <GXML:DefaultGraphCell allowsChildren="true" userObjectString="+person" xmi.id="S.19">
     <GXML:DefaultGraphCell.attributes>
      <GXML:HashtableStrings keys="value" values="+person" xmi.id="S.79"/>
     </GXML:DefaultGraphCell.attributes>
    </GXML:DefaultGraphCell>
    <GXML:DefaultGraphCell allowsChildren="true" userObjectString="0..1" xmi.id="S.3">
     <GXML:DefaultGraphCell.attributes>
      <GXML:HashtableStrings keys="value" values="0..1" xmi.id="S.80"/>
     </GXML:DefaultGraphCell.attributes>
    </GXML:DefaultGraphCell>
    <GXML:DefaultGraphCell allowsChildren="true" userObjectString="+company_2" xmi.id="S.18">
     <GXML:DefaultGraphCell.attributes>
      <GXML:HashtableStrings keys="value" values="+company_2" xmi.id="S.81"/>
     </GXML:DefaultGraphCell.attributes>
    </GXML:DefaultGraphCell>
    <GXML:DefaultGraphCell allowsChildren="true" userObjectString="1" xmi.id="S.11">
     <GXML:DefaultGraphCell.attributes>
      <GXML:HashtableStrings keys="value" values="1" xmi.id="S.82"/>
     </GXML:DefaultGraphCell.attributes>
    </GXML:DefaultGraphCell>
    <GXML:SpecialPort allowsChildren="false" parent="S.8" xmi.id="S.17">
     <GXML:DefaultGraphCell.attributes>
      <GXML:HashtableStrings xmi.id="S.83"/>
     </GXML:DefaultGraphCell.attributes>
    </GXML:SpecialPort>
    <GXML:SpecialPort allowsChildren="false" parent="S.20" xmi.id="S.7">
     <GXML:DefaultGraphCell.attributes>
      <GXML:HashtableStrings xmi.id="S.84"/>
     </GXML:DefaultGraphCell.attributes>
    </GXML:SpecialPort>
    <GXML:DefaultGraphCell allowsChildren="true" userObjectString="0..1" xmi.id="S.5">
     <GXML:DefaultGraphCell.attributes>
      <GXML:HashtableStrings keys="value" values="0..1" xmi.id="S.85"/>
     </GXML:DefaultGraphCell.attributes>
    </GXML:DefaultGraphCell>
    <GXML:SpecialEdge allowsChildren="true" children="S.17" isRouted="false" labels="S.3 S.22 S.12 S.18" source="S.9" target="S.7" xmi.id="S.8">
     <GXML:DefaultGraphCell.attributes>
      <GXML:HashtableStrings keys="lineBegin endsize editable linewidth beginSize lineEnd" values="0 18 false 1.0 18 0" xmi.id="S.86">
       <GXML:HashtableStrings.value>
        <UML:Association href="../NewModel.xml|S.141" xml:link="simple" xmlns:UML="http://lci/xml"/>
       </GXML:HashtableStrings.value>
      </GXML:HashtableStrings>
     </GXML:DefaultGraphCell.attributes>
     <GXML:DefaultMutableTreeNode.userObject>
      <UML:Association href="../NewModel.xml|S.141" xml:link="simple" xmlns:UML="http://lci/xml"/>
     </GXML:DefaultMutableTreeNode.userObject>
    </GXML:SpecialEdge>
    <GXML:SpecialEdge allowsChildren="true" children="S.15" isRouted="false" labels="S.13 S.10 S.14 S.23" source="S.9" target="S.7" xmi.id="S.21">
     <GXML:DefaultGraphCell.attributes>
      <GXML:HashtableStrings keys="lineBegin endsize editable linewidth beginSize lineEnd" values="0 18 false 1.0 18 0" xmi.id="S.87">
       <GXML:HashtableStrings.value>
        <UML:Association href="../NewModel.xml|S.134" xml:link="simple" xmlns:UML="http://lci/xml"/>
       </GXML:HashtableStrings.value>
      </GXML:HashtableStrings>
     </GXML:DefaultGraphCell.attributes>
     <GXML:DefaultMutableTreeNode.userObject>
      <UML:Association href="../NewModel.xml|S.134" xml:link="simple" xmlns:UML="http://lci/xml"/>
     </GXML:DefaultMutableTreeNode.userObject>
    </GXML:SpecialEdge>
    <GXML:SpecialEdge allowsChildren="true" children="S.27" isRouted="false" labels="S.11 S.19 S.5 S.24" source="S.9" target="S.25" xmi.id="S.26">
     <GXML:DefaultGraphCell.attributes>
      <GXML:HashtableStrings keys="endsize editable linewidth lineEnd beginSize" values="18 false 1.0 4 18" xmi.id="S.88">
       <GXML:HashtableStrings.value>
        <UML:Association href="../NewModel.xml|S.127" xml:link="simple" xmlns:UML="http://lci/xml"/>
       </GXML:HashtableStrings.value>
      </GXML:HashtableStrings>
     </GXML:DefaultGraphCell.attributes>
     <GXML:DefaultMutableTreeNode.userObject>
      <UML:Association href="../NewModel.xml|S.127" xml:link="simple" xmlns:UML="http://lci/xml"/>
     </GXML:DefaultMutableTreeNode.userObject>
    </GXML:SpecialEdge>
   </GXML:ClassDiagram.flat>
   <GXML:ClassDiagram.connectionSet>
    <GXML:ConnectionSet connections="S.90 S.91 S.92 S.93 S.94 S.95" edges="S.26 S.8 S.21" xmi.id="S.89">
     <GXML:ConnectionSet.connections>
      <GXML:ConnectionSet_GXConnection edge="S.8" isSource="true" port="S.9" xmi.id="S.90"/>
      <GXML:ConnectionSet_GXConnection edge="S.26" isSource="false" port="S.25" xmi.id="S.91"/>
      <GXML:ConnectionSet_GXConnection edge="S.21" isSource="true" port="S.9" xmi.id="S.92"/>
      <GXML:ConnectionSet_GXConnection edge="S.26" isSource="true" port="S.9" xmi.id="S.93"/>
      <GXML:ConnectionSet_GXConnection edge="S.21" isSource="false" port="S.7" xmi.id="S.94"/>
      <GXML:ConnectionSet_GXConnection edge="S.8" isSource="false" port="S.7" xmi.id="S.95"/>
     </GXML:ConnectionSet.connections>
    </GXML:ConnectionSet>
   </GXML:ClassDiagram.connectionSet>
   <GXML:ClassDiagram.classViews>
    <GXML:ClassCell xmi.idref="S.20"/>
    <GXML:ClassCell xmi.idref="S.4"/>
    <GXML:ClassCell xmi.idref="S.6"/>
   </GXML:ClassDiagram.classViews>
   <GXML:ClassDiagram.classes>
    <UML:Class href="../NewModel.xml|S.126" xml:link="simple" xmlns:UML="http://lci/xml"/>
    <UML:Class href="../NewModel.xml|S.9" xml:link="simple" xmlns:UML="http://lci/xml"/>
    <UML:Class href="../NewModel.xml|S.103" xml:link="simple" xmlns:UML="http://lci/xml"/>
   </GXML:ClassDiagram.classes>
  </GXML:ClassDiagram>
 </XMI.content>
</XMI>
