<?xml version="1.0" encoding="UTF-8" standalone="no"?>
<XMI xmlns:GXML="//lci.cs.ubbcluj.ro/gxml" xmlns:UML="//org.omg/UML/1.3" xmi.version="1.1">
 <XMI.header>
  <XMI.documentation>
   <XMI.exporter>ocle 2.0</XMI.exporter>
   <XMI.exporterVersion>1.0</XMI.exporterVersion>
  </XMI.documentation>
  <XMI.metamodel xmi.name="GXAPI" xmi.version="0.1"/>
 </XMI.header>
 <XMI.content>
  <GXML:ClassDiagram background="java.awt.Color[r=255,g=255,b=255]" gridVisible="false" isLocked="false" name="NewClassDiagram" xmi.id="S.1" xmlns:GXML="http://lci/xml">
   <GXML:ClassDiagram.viewAttributes>
    <GXML:Hashtable keys="S.3 S.4 S.5 S.6 S.7 S.8 S.9 S.10 S.11 S.12 S.13 S.14 S.15 S.16 S.17 S.18 S.19 S.20 S.21 S.22 S.23 S.24 S.25 S.26 S.27 S.28 S.29 S.30 S.31 S.32 S.33 S.34 S.35 S.36 S.37 S.38 S.39 S.40 S.41 S.42 S.43 S.44 S.45 S.46 S.47 S.48 S.49 S.50 S.51 S.52 S.53 S.54 S.55 S.56 S.57 S.58 S.59" xmi.id="S.2">
     <GXML:Hashtable.values>
      <GXML:HashtableStrings keys="editable bordercolor bounds opaque" values="true java.awt.Color[r=255,g=255,b=255] java.awt.Rectangle[x=638,y=39,width=59,height=21] false" xmi.id="S.60"/>
      <GXML:HashtableStrings keys="editable bordercolor bounds opaque" values="true java.awt.Color[r=255,g=255,b=255] java.awt.Rectangle[x=821,y=147,width=23,height=21] false" xmi.id="S.61"/>
      <GXML:HashtableStrings xmi.id="S.62"/>
      <GXML:HashtableStrings keys="bounds opaque" values="java.awt.Rectangle[x=1251,y=46,width=219,height=86] true" xmi.id="S.63"/>
      <GXML:HashtableStrings keys="editable bordercolor bounds opaque" values="true java.awt.Color[r=255,g=255,b=255] java.awt.Rectangle[x=135,y=318,width=23,height=21] false" xmi.id="S.64"/>
      <GXML:HashtableStrings keys="bounds opaque" values="java.awt.Rectangle[x=615,y=70,width=196,height=129] true" xmi.id="S.65"/>
      <GXML:HashtableStrings keys="labelposition endsize beginSize lineEnd lineBegin editable points linewidth" values="java.awt.Point[x=500,y=500] 18 18 0 0 false [java.awt.Point[x=431,y=124],_java.awt.Point[x=714,y=135]] 1.0" xmi.id="S.66"/>
      <GXML:HashtableStrings keys="editable bordercolor bounds opaque" values="true java.awt.Color[r=255,g=255,b=255] java.awt.Rectangle[x=890,y=152,width=12,height=21] false" xmi.id="S.67"/>
      <GXML:HashtableStrings keys="editable bordercolor bounds opaque" values="true java.awt.Color[r=255,g=255,b=255] java.awt.Rectangle[x=538,y=136,width=12,height=21] false" xmi.id="S.68"/>
      <GXML:HashtableStrings keys="labelposition endsize beginSize lineBegin editable points linewidth" values="java.awt.Point[x=500,y=500] 18 18 2 false [java.awt.Point[x=431,y=124],_java.awt.Point[x=900,y=359]] 1.0" xmi.id="S.69">
       <GXML:HashtableStrings.value>
        <UML:Generalization href="../CampaignModel.xml|S.187" xml:link="simple" xmlns:UML="http://lci/xml"/>
       </GXML:HashtableStrings.value>
      </GXML:HashtableStrings>
      <GXML:HashtableStrings keys="editable bordercolor bounds opaque" values="true java.awt.Color[r=255,g=255,b=255] java.awt.Rectangle[x=721,y=392,width=23,height=21] false" xmi.id="S.70"/>
      <GXML:HashtableStrings xmi.id="S.71"/>
      <GXML:HashtableStrings keys="bounds opaque" values="java.awt.Rectangle[x=332,y=79,width=196,height=88] true" xmi.id="S.72"/>
      <GXML:HashtableStrings keys="editable bordercolor bounds opaque" values="true java.awt.Color[r=255,g=255,b=255] java.awt.Rectangle[x=135,y=273,width=12,height=21] false" xmi.id="S.73"/>
      <GXML:HashtableStrings keys="editable bordercolor bounds opaque" values="true java.awt.Color[r=255,g=255,b=255] java.awt.Rectangle[x=278,y=364,width=23,height=21] false" xmi.id="S.74"/>
      <GXML:HashtableStrings keys="bounds opaque" values="java.awt.Rectangle[x=1259,y=153,width=196,height=88] true" xmi.id="S.75"/>
      <GXML:HashtableStrings xmi.id="S.76"/>
      <GXML:HashtableStrings xmi.id="S.77"/>
      <GXML:HashtableStrings keys="labelposition endsize beginSize lineEnd editable points linewidth" values="java.awt.Point[x=500,y=500] 18 18 0 false [java.awt.Point[x=714,y=135],_java.awt.Point[x=884,y=123],_java.awt.Point[x=886,y=34],_java.awt.Point[x=707,y=32],_java.awt.Point[x=713,y=71]] 1.0" xmi.id="S.78">
       <GXML:HashtableStrings.value>
        <UML:Association href="../CampaignModel.xml|S.235" xml:link="simple" xmlns:UML="http://lci/xml"/>
       </GXML:HashtableStrings.value>
      </GXML:HashtableStrings>
      <GXML:HashtableStrings xmi.id="S.79"/>
      <GXML:HashtableStrings keys="bounds opaque" values="java.awt.Rectangle[x=288,y=244,width=196,height=110] true" xmi.id="S.80"/>
      <GXML:HashtableStrings xmi.id="S.81"/>
      <GXML:HashtableStrings keys="labelposition endsize beginSize lineEnd lineBegin editable points linewidth" values="java.awt.Point[x=500,y=500] 18 18 0 0 false [java.awt.Point[x=714,y=135],_java.awt.Point[x=1010,y=146]] 1.0" xmi.id="S.82"/>
      <GXML:HashtableStrings xmi.id="S.83"/>
      <GXML:HashtableStrings keys="editable bordercolor bounds opaque" values="true java.awt.Color[r=255,g=255,b=255] java.awt.Rectangle[x=717,y=39,width=25,height=21] false" xmi.id="S.84"/>
      <GXML:HashtableStrings keys="editable bordercolor bounds opaque" values="true java.awt.Color[r=255,g=255,b=255] java.awt.Rectangle[x=821,y=92,width=61,height=21] false" xmi.id="S.85"/>
      <GXML:HashtableStrings keys="editable bordercolor bounds opaque" values="true java.awt.Color[r=255,g=255,b=255] java.awt.Rectangle[x=261,y=408,width=12,height=21] false" xmi.id="S.86"/>
      <GXML:HashtableStrings keys="editable bordercolor bounds opaque" values="true java.awt.Color[r=255,g=255,b=255] java.awt.Rectangle[x=256,y=323,width=45,height=21] false" xmi.id="S.87"/>
      <GXML:HashtableStrings keys="editable bordercolor bounds opaque" values="true java.awt.Color[r=255,g=255,b=255] java.awt.Rectangle[x=821,y=106,width=69,height=21] false" xmi.id="S.88"/>
      <GXML:HashtableStrings xmi.id="S.89"/>
      <GXML:HashtableStrings xmi.id="S.90"/>
      <GXML:HashtableStrings keys="editable bordercolor bounds opaque" values="true java.awt.Color[r=255,g=255,b=255] java.awt.Rectangle[x=261,y=478,width=23,height=21] false" xmi.id="S.91"/>
      <GXML:HashtableStrings keys="editable bordercolor bounds opaque" values="true java.awt.Color[r=255,g=255,b=255] java.awt.Rectangle[x=582,y=141,width=23,height=21] false" xmi.id="S.92"/>
      <GXML:HashtableStrings xmi.id="S.93"/>
      <GXML:HashtableStrings xmi.id="S.94"/>
      <GXML:HashtableStrings keys="bounds opaque" values="java.awt.Rectangle[x=912,y=100,width=195,height=90] true" xmi.id="S.95"/>
      <GXML:HashtableStrings keys="editable bordercolor bounds opaque" values="true java.awt.Color[r=255,g=255,b=255] java.awt.Rectangle[x=666,y=351,width=78,height=21] false" xmi.id="S.96"/>
      <GXML:HashtableStrings keys="editable bordercolor bounds opaque" values="true java.awt.Color[r=255,g=255,b=255] java.awt.Rectangle[x=74,y=273,width=41,height=21] false" xmi.id="S.97"/>
      <GXML:HashtableStrings xmi.id="S.98"/>
      <GXML:HashtableStrings keys="editable bordercolor bounds opaque" values="true java.awt.Color[r=255,g=255,b=255] java.awt.Rectangle[x=858,y=111,width=44,height=21] false" xmi.id="S.99"/>
      <GXML:HashtableStrings keys="bounds opaque" values="java.awt.Rectangle[x=754,y=315,width=291,height=86] true" xmi.id="S.100"/>
      <GXML:HashtableStrings keys="lineBegin linewidth endsize editable lineEnd points labelposition beginSize" values="0 1.0 18 false 0 [java.awt.Point[x=126,y=218],_java.awt.Point[x=126,y=490]] java.awt.Point[x=500,y=500] 18" xmi.id="S.101">
       <GXML:HashtableStrings.value>
        <UML:Association href="../CampaignModel.xml|S.172" xml:link="simple" xmlns:UML="http://lci/xml"/>
       </GXML:HashtableStrings.value>
      </GXML:HashtableStrings>
      <GXML:HashtableStrings xmi.id="S.102"/>
      <GXML:HashtableStrings xmi.id="S.103"/>
      <GXML:HashtableStrings keys="editable bordercolor bounds opaque" values="true java.awt.Color[r=255,g=255,b=255] java.awt.Rectangle[x=261,y=367,width=67,height=21] false" xmi.id="S.104"/>
      <GXML:HashtableStrings keys="linewidth beginFill lineEnd labelposition points lineBegin editable beginSize endsize" values="1.0 false 0 java.awt.Point[x=500,y=500] [java.awt.Point[x=126,y=490],_java.awt.Point[x=387,y=300]] 9 false 18 18" xmi.id="S.105">
       <GXML:HashtableStrings.value>
        <UML:Association href="../CampaignModel.xml|S.165" xml:link="simple" xmlns:UML="http://lci/xml"/>
       </GXML:HashtableStrings.value>
      </GXML:HashtableStrings>
      <GXML:HashtableStrings keys="editable bordercolor bounds opaque" values="true java.awt.Color[r=255,g=255,b=255] java.awt.Rectangle[x=821,y=133,width=25,height=21] false" xmi.id="S.106"/>
      <GXML:HashtableStrings keys="editable bordercolor bounds opaque" values="true java.awt.Color[r=255,g=255,b=255] java.awt.Rectangle[x=48,y=318,width=67,height=21] false" xmi.id="S.107"/>
      <GXML:HashtableStrings keys="offset" values="java.awt.Point[x=500,y=0]" xmi.id="S.108"/>
      <GXML:HashtableStrings xmi.id="S.109"/>
      <GXML:HashtableStrings keys="lineBegin linewidth endsize editable lineEnd points labelposition beginSize" values="0 1.0 18 false 0 [java.awt.Point[x=900,y=359],_java.awt.Point[x=126,y=490]] java.awt.Point[x=500,y=500] 18" xmi.id="S.110">
       <GXML:HashtableStrings.value>
        <UML:Association href="../CampaignModel.xml|S.189" xml:link="simple" xmlns:UML="http://lci/xml"/>
       </GXML:HashtableStrings.value>
      </GXML:HashtableStrings>
      <GXML:HashtableStrings keys="bounds opaque" values="java.awt.Rectangle[x=0,y=349,width=251,height=281] true" xmi.id="S.111"/>
      <GXML:HashtableStrings keys="editable bordercolor bounds opaque" values="true java.awt.Color[r=255,g=255,b=255] java.awt.Rectangle[x=536,y=100,width=69,height=21] false" xmi.id="S.112"/>
      <GXML:HashtableStrings keys="bounds opaque" values="java.awt.Rectangle[x=28,y=172,width=195,height=91] true" xmi.id="S.113"/>
      <GXML:HashtableStrings keys="editable bordercolor bounds opaque" values="true java.awt.Color[r=255,g=255,b=255] java.awt.Rectangle[x=261,y=437,width=67,height=21] false" xmi.id="S.114"/>
      <GXML:HashtableStrings keys="editable bordercolor bounds opaque" values="true java.awt.Color[r=255,g=255,b=255] java.awt.Rectangle[x=538,y=95,width=80,height=21] false" xmi.id="S.115"/>
      <GXML:HashtableStrings xmi.id="S.116"/>
     </GXML:Hashtable.values>
    </GXML:Hashtable>
   </GXML:ClassDiagram.viewAttributes>
   <GXML:ClassDiagram.classViews>
    <GXML:ClassCell xmi.idref="S.23"/>
    <GXML:ClassCell xmi.idref="S.54"/>
    <GXML:ClassCell xmi.idref="S.56"/>
    <GXML:ClassCell xmi.idref="S.43"/>
    <GXML:ClassCell xmi.idref="S.6"/>
    <GXML:ClassCell xmi.idref="S.38"/>
    <GXML:ClassCell xmi.idref="S.8"/>
    <GXML:ClassCell xmi.idref="S.15"/>
    <GXML:ClassCell xmi.idref="S.18"/>
   </GXML:ClassDiagram.classViews>
   <GXML:ClassDiagram.relationViews>
    <GXML:SpecialEdge xmi.idref="S.48"/>
    <GXML:SpecialEdge xmi.idref="S.44"/>
    <GXML:SpecialEdge xmi.idref="S.53"/>
    <GXML:SpecialEdge xmi.idref="S.25"/>
    <GXML:SpecialEdge xmi.idref="S.21"/>
    <GXML:SpecialEdge xmi.idref="S.9"/>
    <GXML:SpecialEdge xmi.idref="S.12"/>
   </GXML:ClassDiagram.relationViews>
   <GXML:ClassDiagram.owner>
    <UML:Model href="../CampaignModel.xml|S.1" xml:link="simple" xmlns:UML="http://lci/xml"/>
   </GXML:ClassDiagram.owner>
   <GXML:ClassDiagram.flat>
    <GXML:SpecialPort allowsChildren="false" parent="S.48" xmi.id="S.59">
     <GXML:DefaultGraphCell.attributes>
      <GXML:HashtableStrings xmi.id="S.117"/>
     </GXML:DefaultGraphCell.attributes>
    </GXML:SpecialPort>
    <GXML:DefaultGraphCell allowsChildren="true" userObjectString="0..*" xmi.id="S.7">
     <GXML:DefaultGraphCell.attributes>
      <GXML:HashtableStrings keys="value" values="0..*" xmi.id="S.118"/>
     </GXML:DefaultGraphCell.attributes>
    </GXML:DefaultGraphCell>
    <GXML:DefaultGraphCell allowsChildren="true" userObjectString="1" xmi.id="S.10">
     <GXML:DefaultGraphCell.attributes>
      <GXML:HashtableStrings keys="value" values="1" xmi.id="S.119"/>
     </GXML:DefaultGraphCell.attributes>
    </GXML:DefaultGraphCell>
    <GXML:DefaultGraphCell allowsChildren="true" userObjectString="+staffMember" xmi.id="S.58">
     <GXML:DefaultGraphCell.attributes>
      <GXML:HashtableStrings keys="value" values="+staffMember" xmi.id="S.120"/>
     </GXML:DefaultGraphCell.attributes>
    </GXML:DefaultGraphCell>
    <GXML:DefaultGraphCell allowsChildren="true" userObjectString="+following" xmi.id="S.28">
     <GXML:DefaultGraphCell.attributes>
      <GXML:HashtableStrings keys="value" values="+following" xmi.id="S.121"/>
     </GXML:DefaultGraphCell.attributes>
    </GXML:DefaultGraphCell>
    <GXML:DefaultGraphCell allowsChildren="true" userObjectString="0..1" xmi.id="S.49">
     <GXML:DefaultGraphCell.attributes>
      <GXML:HashtableStrings keys="value" values="0..1" xmi.id="S.122"/>
     </GXML:DefaultGraphCell.attributes>
    </GXML:DefaultGraphCell>
    <GXML:SpecialPort allowsChildren="false" parent="S.18" xmi.id="S.14">
     <GXML:DefaultGraphCell.attributes>
      <GXML:HashtableStrings xmi.id="S.123"/>
     </GXML:DefaultGraphCell.attributes>
    </GXML:SpecialPort>
    <GXML:DefaultGraphCell allowsChildren="true" userObjectString="1" xmi.id="S.29">
     <GXML:DefaultGraphCell.attributes>
      <GXML:HashtableStrings keys="value" values="1" xmi.id="S.124"/>
     </GXML:DefaultGraphCell.attributes>
    </GXML:DefaultGraphCell>
    <GXML:SpecialPort allowsChildren="false" parent="S.8" xmi.id="S.36">
     <GXML:DefaultGraphCell.attributes>
      <GXML:HashtableStrings xmi.id="S.125"/>
     </GXML:DefaultGraphCell.attributes>
    </GXML:SpecialPort>
    <GXML:ClassCell allowsChildren="true" children="S.52" hasAutoR="false" isFiltered="false" isInterface="false" showPackage="false" xmi.id="S.15">
     <GXML:ClassCell.property>
      <GXML:ClassGProperty bodyfontSize="11" fillColor="java.awt.Color[r=255,g=255,b=255]" outlineColor="java.awt.Color[r=0,g=0,b=0]" outlineWidth="1" selectionColor="java.awt.Color[r=255,g=0,b=0]" titlefontSize="12" xmi.id="S.126"/>
     </GXML:ClassCell.property>
     <GXML:ClassCell.filter>
      <GXML:ClassFilter xmi.id="S.127">
       <GXML:ClassFilter.map>
        <GXML:HashtableStrings keys="a_pac m_pub m_pro m_pri msignature a_pri stereotype a_pub a_pro m_pac" values="true true true true true true true true true true" xmi.id="S.128"/>
       </GXML:ClassFilter.map>
      </GXML:ClassFilter>
     </GXML:ClassCell.filter>
     <GXML:DefaultGraphCell.attributes>
      <GXML:HashtableStrings xmi.id="S.129">
       <GXML:HashtableStrings.value>
        <UML:Class href="../CampaignModel.xml|S.188" xml:link="simple" xmlns:UML="http://lci/xml"/>
       </GXML:HashtableStrings.value>
      </GXML:HashtableStrings>
     </GXML:DefaultGraphCell.attributes>
     <GXML:DefaultMutableTreeNode.userObject>
      <UML:Class href="../CampaignModel.xml|S.188" xml:link="simple" xmlns:UML="http://lci/xml"/>
     </GXML:DefaultMutableTreeNode.userObject>
    </GXML:ClassCell>
    <GXML:DefaultGraphCell allowsChildren="true" userObjectString="+advert" xmi.id="S.30">
     <GXML:DefaultGraphCell.attributes>
      <GXML:HashtableStrings keys="value" values="+advert" xmi.id="S.130"/>
     </GXML:DefaultGraphCell.attributes>
    </GXML:DefaultGraphCell>
    <GXML:DefaultGraphCell allowsChildren="true" userObjectString="0..*" xmi.id="S.34">
     <GXML:DefaultGraphCell.attributes>
      <GXML:HashtableStrings keys="value" values="0..*" xmi.id="S.131"/>
     </GXML:DefaultGraphCell.attributes>
    </GXML:DefaultGraphCell>
    <GXML:ClassCell allowsChildren="true" children="S.20" hasAutoR="false" isFiltered="false" isInterface="false" showPackage="false" xmi.id="S.43">
     <GXML:ClassCell.property>
      <GXML:ClassGProperty bodyfontSize="11" fillColor="java.awt.Color[r=255,g=255,b=255]" outlineColor="java.awt.Color[r=0,g=0,b=0]" outlineWidth="1" selectionColor="java.awt.Color[r=255,g=0,b=0]" titlefontSize="12" xmi.id="S.132"/>
     </GXML:ClassCell.property>
     <GXML:ClassCell.filter>
      <GXML:ClassFilter xmi.id="S.133">
       <GXML:ClassFilter.map>
        <GXML:HashtableStrings keys="a_pac m_pub m_pro m_pri msignature a_pri stereotype a_pub a_pro m_pac" values="true true true true true true true true true true" xmi.id="S.134"/>
       </GXML:ClassFilter.map>
      </GXML:ClassFilter>
     </GXML:ClassCell.filter>
     <GXML:DefaultGraphCell.attributes>
      <GXML:HashtableStrings xmi.id="S.135">
       <GXML:HashtableStrings.value>
        <UML:Class href="../CampaignModel.xml|S.123" xml:link="simple" xmlns:UML="http://lci/xml"/>
       </GXML:HashtableStrings.value>
      </GXML:HashtableStrings>
     </GXML:DefaultGraphCell.attributes>
     <GXML:DefaultMutableTreeNode.userObject>
      <UML:Class href="../CampaignModel.xml|S.123" xml:link="simple" xmlns:UML="http://lci/xml"/>
     </GXML:DefaultMutableTreeNode.userObject>
    </GXML:ClassCell>
    <GXML:DefaultGraphCell allowsChildren="true" userObjectString="0..*" xmi.id="S.17">
     <GXML:DefaultGraphCell.attributes>
      <GXML:HashtableStrings keys="value" values="0..*" xmi.id="S.136"/>
     </GXML:DefaultGraphCell.attributes>
    </GXML:DefaultGraphCell>
    <GXML:DefaultGraphCell allowsChildren="true" userObjectString="0..1" xmi.id="S.27">
     <GXML:DefaultGraphCell.attributes>
      <GXML:HashtableStrings keys="value" values="0..1" xmi.id="S.137"/>
     </GXML:DefaultGraphCell.attributes>
    </GXML:DefaultGraphCell>
    <GXML:ClassCell allowsChildren="true" children="S.46" hasAutoR="false" isFiltered="false" isInterface="false" showPackage="false" xmi.id="S.6">
     <GXML:ClassCell.property>
      <GXML:ClassGProperty bodyfontSize="11" fillColor="java.awt.Color[r=255,g=255,b=255]" outlineColor="java.awt.Color[r=0,g=0,b=0]" outlineWidth="1" selectionColor="java.awt.Color[r=255,g=0,b=0]" titlefontSize="12" xmi.id="S.138"/>
     </GXML:ClassCell.property>
     <GXML:ClassCell.filter>
      <GXML:ClassFilter xmi.id="S.139">
       <GXML:ClassFilter.map>
        <GXML:HashtableStrings keys="a_pac m_pub m_pro m_pri msignature a_pri stereotype a_pub a_pro m_pac" values="true true true true true true true true true true" xmi.id="S.140"/>
       </GXML:ClassFilter.map>
      </GXML:ClassFilter>
     </GXML:ClassCell.filter>
     <GXML:DefaultGraphCell.attributes>
      <GXML:HashtableStrings xmi.id="S.141">
       <GXML:HashtableStrings.value>
        <UML:Class href="../CampaignModel.xml|S.139" xml:link="simple" xmlns:UML="http://lci/xml"/>
       </GXML:HashtableStrings.value>
      </GXML:HashtableStrings>
     </GXML:DefaultGraphCell.attributes>
     <GXML:DefaultMutableTreeNode.userObject>
      <UML:Class href="../CampaignModel.xml|S.139" xml:link="simple" xmlns:UML="http://lci/xml"/>
     </GXML:DefaultMutableTreeNode.userObject>
    </GXML:ClassCell>
    <GXML:SpecialPort allowsChildren="false" parent="S.23" xmi.id="S.41">
     <GXML:DefaultGraphCell.attributes>
      <GXML:HashtableStrings xmi.id="S.142"/>
     </GXML:DefaultGraphCell.attributes>
    </GXML:SpecialPort>
    <GXML:DefaultGraphCell allowsChildren="true" userObjectString="1" xmi.id="S.11">
     <GXML:DefaultGraphCell.attributes>
      <GXML:HashtableStrings keys="value" values="1" xmi.id="S.143"/>
     </GXML:DefaultGraphCell.attributes>
    </GXML:DefaultGraphCell>
    <GXML:DefaultGraphCell allowsChildren="true" userObjectString="0..*" xmi.id="S.4">
     <GXML:DefaultGraphCell.attributes>
      <GXML:HashtableStrings keys="value" values="0..*" xmi.id="S.144"/>
     </GXML:DefaultGraphCell.attributes>
    </GXML:DefaultGraphCell>
    <GXML:DefaultGraphCell allowsChildren="true" userObjectString="+campaign" xmi.id="S.57">
     <GXML:DefaultGraphCell.attributes>
      <GXML:HashtableStrings keys="value" values="+campaign" xmi.id="S.145"/>
     </GXML:DefaultGraphCell.attributes>
    </GXML:DefaultGraphCell>
    <GXML:SpecialPort allowsChildren="false" parent="S.9" xmi.id="S.5">
     <GXML:DefaultGraphCell.attributes>
      <GXML:HashtableStrings xmi.id="S.146"/>
     </GXML:DefaultGraphCell.attributes>
    </GXML:SpecialPort>
    <GXML:SpecialEdge allowsChildren="true" children="S.5" isRouted="false" labels="S.11 S.58 S.35 S.55" source="S.52" target="S.36" xmi.id="S.9">
     <GXML:DefaultGraphCell.attributes>
      <GXML:HashtableStrings keys="lineBegin endsize editable linewidth lineEnd beginSize" values="0 18 false 1.0 0 18" xmi.id="S.147">
       <GXML:HashtableStrings.value>
        <UML:Association href="../CampaignModel.xml|S.221" xml:link="simple" xmlns:UML="http://lci/xml"/>
       </GXML:HashtableStrings.value>
      </GXML:HashtableStrings>
     </GXML:DefaultGraphCell.attributes>
     <GXML:DefaultMutableTreeNode.userObject>
      <UML:Association href="../CampaignModel.xml|S.221" xml:link="simple" xmlns:UML="http://lci/xml"/>
     </GXML:DefaultMutableTreeNode.userObject>
    </GXML:SpecialEdge>
    <GXML:DefaultGraphCell allowsChildren="true" userObjectString="+campaign" xmi.id="S.50">
     <GXML:DefaultGraphCell.attributes>
      <GXML:HashtableStrings keys="value" values="+campaign" xmi.id="S.148"/>
     </GXML:DefaultGraphCell.attributes>
    </GXML:DefaultGraphCell>
    <GXML:DefaultGraphCell allowsChildren="true" userObjectString="+campaign" xmi.id="S.47">
     <GXML:DefaultGraphCell.attributes>
      <GXML:HashtableStrings keys="value" values="+campaign" xmi.id="S.149"/>
     </GXML:DefaultGraphCell.attributes>
    </GXML:DefaultGraphCell>
    <GXML:ClassCell allowsChildren="true" children="S.36 S.51" hasAutoR="true" isFiltered="false" isInterface="false" showPackage="false" xmi.id="S.8">
     <GXML:ClassCell.property>
      <GXML:ClassGProperty bodyfontSize="11" fillColor="java.awt.Color[r=255,g=255,b=255]" outlineColor="java.awt.Color[r=0,g=0,b=0]" outlineWidth="1" selectionColor="java.awt.Color[r=255,g=0,b=0]" titlefontSize="12" xmi.id="S.150"/>
     </GXML:ClassCell.property>
     <GXML:ClassCell.filter>
      <GXML:ClassFilter xmi.id="S.151">
       <GXML:ClassFilter.map>
        <GXML:HashtableStrings keys="a_pac m_pub m_pro m_pri msignature a_pri stereotype a_pub a_pro m_pac" values="true true true true true true true true true true" xmi.id="S.152"/>
       </GXML:ClassFilter.map>
      </GXML:ClassFilter>
     </GXML:ClassCell.filter>
     <GXML:DefaultGraphCell.attributes>
      <GXML:HashtableStrings xmi.id="S.153">
       <GXML:HashtableStrings.value>
        <UML:Class href="../CampaignModel.xml|S.200" xml:link="simple" xmlns:UML="http://lci/xml"/>
       </GXML:HashtableStrings.value>
      </GXML:HashtableStrings>
     </GXML:DefaultGraphCell.attributes>
     <GXML:DefaultMutableTreeNode.userObject>
      <UML:Class href="../CampaignModel.xml|S.200" xml:link="simple" xmlns:UML="http://lci/xml"/>
     </GXML:DefaultMutableTreeNode.userObject>
    </GXML:ClassCell>
    <GXML:SpecialPort allowsChildren="false" parent="S.25" xmi.id="S.19">
     <GXML:DefaultGraphCell.attributes>
      <GXML:HashtableStrings xmi.id="S.154"/>
     </GXML:DefaultGraphCell.attributes>
    </GXML:SpecialPort>
    <GXML:DefaultGraphCell allowsChildren="true" userObjectString="1..*" xmi.id="S.35">
     <GXML:DefaultGraphCell.attributes>
      <GXML:HashtableStrings keys="value" values="1..*" xmi.id="S.155"/>
     </GXML:DefaultGraphCell.attributes>
    </GXML:DefaultGraphCell>
    <GXML:SpecialPort allowsChildren="false" parent="S.15" xmi.id="S.52">
     <GXML:DefaultGraphCell.attributes>
      <GXML:HashtableStrings xmi.id="S.156"/>
     </GXML:DefaultGraphCell.attributes>
    </GXML:SpecialPort>
    <GXML:SpecialPort allowsChildren="false" parent="S.44" xmi.id="S.37">
     <GXML:DefaultGraphCell.attributes>
      <GXML:HashtableStrings xmi.id="S.157"/>
     </GXML:DefaultGraphCell.attributes>
    </GXML:SpecialPort>
    <GXML:SpecialPort allowsChildren="false" parent="S.43" xmi.id="S.20">
     <GXML:DefaultGraphCell.attributes>
      <GXML:HashtableStrings xmi.id="S.158"/>
     </GXML:DefaultGraphCell.attributes>
    </GXML:SpecialPort>
    <GXML:ClassCell allowsChildren="true" children="S.32" hasAutoR="false" isFiltered="false" isInterface="false" showPackage="false" xmi.id="S.56">
     <GXML:ClassCell.property>
      <GXML:ClassGProperty bodyfontSize="11" fillColor="java.awt.Color[r=255,g=255,b=255]" outlineColor="java.awt.Color[r=0,g=0,b=0]" outlineWidth="1" selectionColor="java.awt.Color[r=255,g=0,b=0]" titlefontSize="12" xmi.id="S.159"/>
     </GXML:ClassCell.property>
     <GXML:ClassCell.filter>
      <GXML:ClassFilter xmi.id="S.160">
       <GXML:ClassFilter.map>
        <GXML:HashtableStrings keys="a_pac m_pub m_pro m_pri msignature a_pri stereotype a_pub a_pro m_pac" values="true true true true true true true true true true" xmi.id="S.161"/>
       </GXML:ClassFilter.map>
      </GXML:ClassFilter>
     </GXML:ClassCell.filter>
     <GXML:DefaultGraphCell.attributes>
      <GXML:HashtableStrings xmi.id="S.162">
       <GXML:HashtableStrings.value>
        <UML:Class href="../CampaignModel.xml|S.142" xml:link="simple" xmlns:UML="http://lci/xml"/>
       </GXML:HashtableStrings.value>
      </GXML:HashtableStrings>
     </GXML:DefaultGraphCell.attributes>
     <GXML:DefaultMutableTreeNode.userObject>
      <UML:Class href="../CampaignModel.xml|S.142" xml:link="simple" xmlns:UML="http://lci/xml"/>
     </GXML:DefaultMutableTreeNode.userObject>
    </GXML:ClassCell>
    <GXML:ClassCell allowsChildren="true" children="S.14" hasAutoR="false" isFiltered="false" isInterface="false" showPackage="false" xmi.id="S.18">
     <GXML:ClassCell.property>
      <GXML:ClassGProperty bodyfontSize="11" fillColor="java.awt.Color[r=255,g=255,b=255]" outlineColor="java.awt.Color[r=0,g=0,b=0]" outlineWidth="1" selectionColor="java.awt.Color[r=255,g=0,b=0]" titlefontSize="12" xmi.id="S.163"/>
     </GXML:ClassCell.property>
     <GXML:ClassCell.filter>
      <GXML:ClassFilter xmi.id="S.164">
       <GXML:ClassFilter.map>
        <GXML:HashtableStrings keys="a_pac m_pub m_pro m_pri msignature a_pri stereotype a_pub a_pro m_pac" values="true true true true true true true true true true" xmi.id="S.165"/>
       </GXML:ClassFilter.map>
      </GXML:ClassFilter>
     </GXML:ClassCell.filter>
     <GXML:DefaultGraphCell.attributes>
      <GXML:HashtableStrings xmi.id="S.166">
       <GXML:HashtableStrings.value>
        <UML:Class href="../CampaignModel.xml|S.147" xml:link="simple" xmlns:UML="http://lci/xml"/>
       </GXML:HashtableStrings.value>
      </GXML:HashtableStrings>
     </GXML:DefaultGraphCell.attributes>
     <GXML:DefaultMutableTreeNode.userObject>
      <UML:Class href="../CampaignModel.xml|S.147" xml:link="simple" xmlns:UML="http://lci/xml"/>
     </GXML:DefaultMutableTreeNode.userObject>
    </GXML:ClassCell>
    <GXML:SpecialPort allowsChildren="false" parent="S.54" xmi.id="S.33">
     <GXML:DefaultGraphCell.attributes>
      <GXML:HashtableStrings xmi.id="S.167"/>
     </GXML:DefaultGraphCell.attributes>
    </GXML:SpecialPort>
    <GXML:DefaultGraphCell allowsChildren="true" userObjectString="+staffGrade" xmi.id="S.55">
     <GXML:DefaultGraphCell.attributes>
      <GXML:HashtableStrings keys="value" values="+staffGrade" xmi.id="S.168"/>
     </GXML:DefaultGraphCell.attributes>
    </GXML:DefaultGraphCell>
    <GXML:ClassCell allowsChildren="true" children="S.41" hasAutoR="false" isFiltered="false" isInterface="false" showPackage="false" xmi.id="S.23">
     <GXML:ClassCell.property>
      <GXML:ClassGProperty bodyfontSize="11" fillColor="java.awt.Color[r=255,g=255,b=255]" outlineColor="java.awt.Color[r=0,g=0,b=0]" outlineWidth="1" selectionColor="java.awt.Color[r=255,g=0,b=0]" titlefontSize="12" xmi.id="S.169"/>
     </GXML:ClassCell.property>
     <GXML:ClassCell.filter>
      <GXML:ClassFilter xmi.id="S.170">
       <GXML:ClassFilter.map>
        <GXML:HashtableStrings keys="a_pac m_pub m_pro m_pri msignature a_pri stereotype a_pub a_pro m_pac" values="true true true true true true true true true true" xmi.id="S.171"/>
       </GXML:ClassFilter.map>
      </GXML:ClassFilter>
     </GXML:ClassCell.filter>
     <GXML:DefaultGraphCell.attributes>
      <GXML:HashtableStrings xmi.id="S.172">
       <GXML:HashtableStrings.value>
        <UML:Class href="../CampaignModel.xml|S.152" xml:link="simple" xmlns:UML="http://lci/xml"/>
       </GXML:HashtableStrings.value>
      </GXML:HashtableStrings>
     </GXML:DefaultGraphCell.attributes>
     <GXML:DefaultMutableTreeNode.userObject>
      <UML:Class href="../CampaignModel.xml|S.152" xml:link="simple" xmlns:UML="http://lci/xml"/>
     </GXML:DefaultMutableTreeNode.userObject>
    </GXML:ClassCell>
    <GXML:SpecialPort allowsChildren="false" parent="S.8" xmi.id="S.51">
     <GXML:DefaultGraphCell.attributes>
      <GXML:HashtableStrings keys="offset" values="java.awt.Point[x=500,y=0]" xmi.id="S.173"/>
     </GXML:DefaultGraphCell.attributes>
    </GXML:SpecialPort>
    <GXML:DefaultGraphCell allowsChildren="true" userObjectString="+staffGrade" xmi.id="S.31">
     <GXML:DefaultGraphCell.attributes>
      <GXML:HashtableStrings keys="value" values="+staffGrade" xmi.id="S.174"/>
     </GXML:DefaultGraphCell.attributes>
    </GXML:DefaultGraphCell>
    <GXML:SpecialPort allowsChildren="false" parent="S.38" xmi.id="S.22">
     <GXML:DefaultGraphCell.attributes>
      <GXML:HashtableStrings xmi.id="S.175"/>
     </GXML:DefaultGraphCell.attributes>
    </GXML:SpecialPort>
    <GXML:DefaultGraphCell allowsChildren="true" userObjectString="+client" xmi.id="S.40">
     <GXML:DefaultGraphCell.attributes>
      <GXML:HashtableStrings keys="value" values="+client" xmi.id="S.176"/>
     </GXML:DefaultGraphCell.attributes>
    </GXML:DefaultGraphCell>
    <GXML:SpecialPort allowsChildren="false" parent="S.6" xmi.id="S.46">
     <GXML:DefaultGraphCell.attributes>
      <GXML:HashtableStrings xmi.id="S.177"/>
     </GXML:DefaultGraphCell.attributes>
    </GXML:SpecialPort>
    <GXML:DefaultGraphCell allowsChildren="true" userObjectString="+previous" xmi.id="S.3">
     <GXML:DefaultGraphCell.attributes>
      <GXML:HashtableStrings keys="value" values="+previous" xmi.id="S.178"/>
     </GXML:DefaultGraphCell.attributes>
    </GXML:DefaultGraphCell>
    <GXML:DefaultGraphCell allowsChildren="true" userObjectString="+creativeStaff" xmi.id="S.39">
     <GXML:DefaultGraphCell.attributes>
      <GXML:HashtableStrings keys="value" values="+creativeStaff" xmi.id="S.179"/>
     </GXML:DefaultGraphCell.attributes>
    </GXML:DefaultGraphCell>
    <GXML:SpecialEdge allowsChildren="true" children="S.26" isRouted="false" labels="S.13 S.39 S.34 S.57" source="S.20" target="S.33" xmi.id="S.53">
     <GXML:DefaultGraphCell.attributes>
      <GXML:HashtableStrings keys="lineBegin endsize editable linewidth lineEnd beginSize" values="0 18 false 1.0 0 18" xmi.id="S.180">
       <GXML:HashtableStrings.value>
        <UML:Association href="../CampaignModel.xml|S.189" xml:link="simple" xmlns:UML="http://lci/xml"/>
       </GXML:HashtableStrings.value>
      </GXML:HashtableStrings>
     </GXML:DefaultGraphCell.attributes>
     <GXML:DefaultMutableTreeNode.userObject>
      <UML:Association href="../CampaignModel.xml|S.189" xml:link="simple" xmlns:UML="http://lci/xml"/>
     </GXML:DefaultMutableTreeNode.userObject>
    </GXML:SpecialEdge>
    <GXML:SpecialPort allowsChildren="false" parent="S.12" xmi.id="S.45">
     <GXML:DefaultGraphCell.attributes>
      <GXML:HashtableStrings xmi.id="S.181"/>
     </GXML:DefaultGraphCell.attributes>
    </GXML:SpecialPort>
    <GXML:DefaultGraphCell allowsChildren="true" userObjectString="0..*" xmi.id="S.13">
     <GXML:DefaultGraphCell.attributes>
      <GXML:HashtableStrings keys="value" values="0..*" xmi.id="S.182"/>
     </GXML:DefaultGraphCell.attributes>
    </GXML:DefaultGraphCell>
    <GXML:ClassCell allowsChildren="true" children="S.33" hasAutoR="false" isFiltered="false" isInterface="false" showPackage="false" xmi.id="S.54">
     <GXML:ClassCell.property>
      <GXML:ClassGProperty bodyfontSize="11" fillColor="java.awt.Color[r=255,g=255,b=255]" outlineColor="java.awt.Color[r=0,g=0,b=0]" outlineWidth="1" selectionColor="java.awt.Color[r=255,g=0,b=0]" titlefontSize="12" xmi.id="S.183"/>
     </GXML:ClassCell.property>
     <GXML:ClassCell.filter>
      <GXML:ClassFilter xmi.id="S.184">
       <GXML:ClassFilter.map>
        <GXML:HashtableStrings keys="a_pac m_pub m_pro m_pri msignature a_pri stereotype a_pub a_pro m_pac" values="true true true true true true true true true true" xmi.id="S.185"/>
       </GXML:ClassFilter.map>
      </GXML:ClassFilter>
     </GXML:ClassCell.filter>
     <GXML:DefaultGraphCell.attributes>
      <GXML:HashtableStrings xmi.id="S.186">
       <GXML:HashtableStrings.value>
        <UML:Class href="../CampaignModel.xml|S.102" xml:link="simple" xmlns:UML="http://lci/xml"/>
       </GXML:HashtableStrings.value>
      </GXML:HashtableStrings>
     </GXML:DefaultGraphCell.attributes>
     <GXML:DefaultMutableTreeNode.userObject>
      <UML:Class href="../CampaignModel.xml|S.102" xml:link="simple" xmlns:UML="http://lci/xml"/>
     </GXML:DefaultMutableTreeNode.userObject>
    </GXML:ClassCell>
    <GXML:SpecialPort allowsChildren="false" parent="S.56" xmi.id="S.32">
     <GXML:DefaultGraphCell.attributes>
      <GXML:HashtableStrings xmi.id="S.187"/>
     </GXML:DefaultGraphCell.attributes>
    </GXML:SpecialPort>
    <GXML:DefaultGraphCell allowsChildren="true" userObjectString="+grade" xmi.id="S.42">
     <GXML:DefaultGraphCell.attributes>
      <GXML:HashtableStrings keys="value" values="+grade" xmi.id="S.188"/>
     </GXML:DefaultGraphCell.attributes>
    </GXML:DefaultGraphCell>
    <GXML:DefaultGraphCell allowsChildren="true" userObjectString="1" xmi.id="S.16">
     <GXML:DefaultGraphCell.attributes>
      <GXML:HashtableStrings keys="value" values="1" xmi.id="S.189"/>
     </GXML:DefaultGraphCell.attributes>
    </GXML:DefaultGraphCell>
    <GXML:ClassCell allowsChildren="true" children="S.22" hasAutoR="false" isFiltered="false" isInterface="false" showPackage="false" xmi.id="S.38">
     <GXML:ClassCell.property>
      <GXML:ClassGProperty bodyfontSize="11" fillColor="java.awt.Color[r=255,g=255,b=255]" outlineColor="java.awt.Color[r=0,g=0,b=0]" outlineWidth="1" selectionColor="java.awt.Color[r=255,g=0,b=0]" titlefontSize="12" xmi.id="S.190"/>
     </GXML:ClassCell.property>
     <GXML:ClassCell.filter>
      <GXML:ClassFilter xmi.id="S.191">
       <GXML:ClassFilter.map>
        <GXML:HashtableStrings keys="a_pac m_pub m_pro m_pri msignature a_pri stereotype a_pub a_pro m_pac" values="true true true true true true true true true true" xmi.id="S.192"/>
       </GXML:ClassFilter.map>
      </GXML:ClassFilter>
     </GXML:ClassCell.filter>
     <GXML:DefaultGraphCell.attributes>
      <GXML:HashtableStrings xmi.id="S.193">
       <GXML:HashtableStrings.value>
        <UML:Class href="../CampaignModel.xml|S.181" xml:link="simple" xmlns:UML="http://lci/xml"/>
       </GXML:HashtableStrings.value>
      </GXML:HashtableStrings>
     </GXML:DefaultGraphCell.attributes>
     <GXML:DefaultMutableTreeNode.userObject>
      <UML:Class href="../CampaignModel.xml|S.181" xml:link="simple" xmlns:UML="http://lci/xml"/>
     </GXML:DefaultMutableTreeNode.userObject>
    </GXML:ClassCell>
    <GXML:SpecialPort allowsChildren="false" parent="S.53" xmi.id="S.26">
     <GXML:DefaultGraphCell.attributes>
      <GXML:HashtableStrings xmi.id="S.194"/>
     </GXML:DefaultGraphCell.attributes>
    </GXML:SpecialPort>
    <GXML:SpecialPort allowsChildren="false" parent="S.21" xmi.id="S.24">
     <GXML:DefaultGraphCell.attributes>
      <GXML:HashtableStrings xmi.id="S.195"/>
     </GXML:DefaultGraphCell.attributes>
    </GXML:SpecialPort>
    <GXML:SpecialEdge allowsChildren="true" children="S.24" isRouted="false" labels="S.49 S.28 S.27 S.3" source="S.36" target="S.51" xmi.id="S.21">
     <GXML:DefaultGraphCell.attributes>
      <GXML:HashtableStrings keys="endsize editable linewidth lineEnd beginSize" values="18 false 1.0 0 18" xmi.id="S.196">
       <GXML:HashtableStrings.value>
        <UML:Association href="../CampaignModel.xml|S.235" xml:link="simple" xmlns:UML="http://lci/xml"/>
       </GXML:HashtableStrings.value>
      </GXML:HashtableStrings>
     </GXML:DefaultGraphCell.attributes>
     <GXML:DefaultMutableTreeNode.userObject>
      <UML:Association href="../CampaignModel.xml|S.235" xml:link="simple" xmlns:UML="http://lci/xml"/>
     </GXML:DefaultMutableTreeNode.userObject>
    </GXML:SpecialEdge>
    <GXML:SpecialEdge allowsChildren="true" children="S.37" isRouted="false" labels="S.16 S.40 S.7 S.50" source="S.32" target="S.33" xmi.id="S.44">
     <GXML:DefaultGraphCell.attributes>
      <GXML:HashtableStrings keys="lineBegin endsize editable linewidth lineEnd beginSize" values="0 18 false 1.0 0 18" xmi.id="S.197">
       <GXML:HashtableStrings.value>
        <UML:Association href="../CampaignModel.xml|S.172" xml:link="simple" xmlns:UML="http://lci/xml"/>
       </GXML:HashtableStrings.value>
      </GXML:HashtableStrings>
     </GXML:DefaultGraphCell.attributes>
     <GXML:DefaultMutableTreeNode.userObject>
      <UML:Association href="../CampaignModel.xml|S.172" xml:link="simple" xmlns:UML="http://lci/xml"/>
     </GXML:DefaultMutableTreeNode.userObject>
    </GXML:SpecialEdge>
    <GXML:SpecialEdge allowsChildren="true" children="S.59" isRouted="false" labels="S.29 S.47 S.17 S.30" source="S.33" target="S.41" xmi.id="S.48">
     <GXML:DefaultGraphCell.attributes>
      <GXML:HashtableStrings keys="lineBegin beginFill endsize editable linewidth lineEnd beginSize" values="9 false 18 false 1.0 0 18" xmi.id="S.198">
       <GXML:HashtableStrings.value>
        <UML:Association href="../CampaignModel.xml|S.165" xml:link="simple" xmlns:UML="http://lci/xml"/>
       </GXML:HashtableStrings.value>
      </GXML:HashtableStrings>
     </GXML:DefaultGraphCell.attributes>
     <GXML:DefaultMutableTreeNode.userObject>
      <UML:Association href="../CampaignModel.xml|S.165" xml:link="simple" xmlns:UML="http://lci/xml"/>
     </GXML:DefaultMutableTreeNode.userObject>
    </GXML:SpecialEdge>
    <GXML:SpecialEdge allowsChildren="true" children="S.19" isRouted="false" labels="S.4 S.31 S.10 S.42" source="S.36" target="S.22" xmi.id="S.25">
     <GXML:DefaultGraphCell.attributes>
      <GXML:HashtableStrings keys="lineBegin endsize editable linewidth lineEnd beginSize" values="0 18 false 1.0 0 18" xmi.id="S.199">
       <GXML:HashtableStrings.value>
        <UML:Association href="../CampaignModel.xml|S.228" xml:link="simple" xmlns:UML="http://lci/xml"/>
       </GXML:HashtableStrings.value>
      </GXML:HashtableStrings>
     </GXML:DefaultGraphCell.attributes>
     <GXML:DefaultMutableTreeNode.userObject>
      <UML:Association href="../CampaignModel.xml|S.228" xml:link="simple" xmlns:UML="http://lci/xml"/>
     </GXML:DefaultMutableTreeNode.userObject>
    </GXML:SpecialEdge>
    <GXML:SpecialEdge allowsChildren="true" children="S.45" isRouted="false" source="S.52" target="S.20" xmi.id="S.12">
     <GXML:DefaultGraphCell.attributes>
      <GXML:HashtableStrings keys="lineBegin endsize editable linewidth beginSize" values="2 18 false 1.0 18" xmi.id="S.200">
       <GXML:HashtableStrings.value>
        <UML:Generalization href="../CampaignModel.xml|S.187" xml:link="simple" xmlns:UML="http://lci/xml"/>
       </GXML:HashtableStrings.value>
      </GXML:HashtableStrings>
     </GXML:DefaultGraphCell.attributes>
     <GXML:DefaultMutableTreeNode.userObject>
      <UML:Generalization href="../CampaignModel.xml|S.187" xml:link="simple" xmlns:UML="http://lci/xml"/>
     </GXML:DefaultMutableTreeNode.userObject>
    </GXML:SpecialEdge>
   </GXML:ClassDiagram.flat>
   <GXML:ClassDiagram.cells>
    <GXML:SpecialEdge xmi.idref="S.48"/>
    <GXML:SpecialEdge xmi.idref="S.44"/>
    <GXML:SpecialEdge xmi.idref="S.53"/>
    <GXML:SpecialEdge xmi.idref="S.25"/>
    <GXML:SpecialEdge xmi.idref="S.9"/>
    <GXML:SpecialEdge xmi.idref="S.12"/>
    <GXML:ClassCell xmi.idref="S.18"/>
    <GXML:ClassCell xmi.idref="S.8"/>
    <GXML:SpecialEdge xmi.idref="S.21"/>
    <GXML:DefaultGraphCell xmi.idref="S.49"/>
    <GXML:DefaultGraphCell xmi.idref="S.28"/>
    <GXML:DefaultGraphCell xmi.idref="S.27"/>
    <GXML:DefaultGraphCell xmi.idref="S.3"/>
    <GXML:ClassCell xmi.idref="S.38"/>
    <GXML:DefaultGraphCell xmi.idref="S.4"/>
    <GXML:DefaultGraphCell xmi.idref="S.31"/>
    <GXML:DefaultGraphCell xmi.idref="S.10"/>
    <GXML:DefaultGraphCell xmi.idref="S.42"/>
    <GXML:ClassCell xmi.idref="S.43"/>
    <GXML:ClassCell xmi.idref="S.15"/>
    <GXML:DefaultGraphCell xmi.idref="S.11"/>
    <GXML:DefaultGraphCell xmi.idref="S.58"/>
    <GXML:DefaultGraphCell xmi.idref="S.35"/>
    <GXML:DefaultGraphCell xmi.idref="S.55"/>
    <GXML:ClassCell xmi.idref="S.23"/>
    <GXML:ClassCell xmi.idref="S.56"/>
    <GXML:DefaultGraphCell xmi.idref="S.29"/>
    <GXML:DefaultGraphCell xmi.idref="S.47"/>
    <GXML:DefaultGraphCell xmi.idref="S.17"/>
    <GXML:DefaultGraphCell xmi.idref="S.30"/>
    <GXML:DefaultGraphCell xmi.idref="S.16"/>
    <GXML:DefaultGraphCell xmi.idref="S.40"/>
    <GXML:DefaultGraphCell xmi.idref="S.7"/>
    <GXML:DefaultGraphCell xmi.idref="S.50"/>
    <GXML:DefaultGraphCell xmi.idref="S.13"/>
    <GXML:DefaultGraphCell xmi.idref="S.39"/>
    <GXML:DefaultGraphCell xmi.idref="S.34"/>
    <GXML:DefaultGraphCell xmi.idref="S.57"/>
    <GXML:ClassCell xmi.idref="S.54"/>
    <GXML:ClassCell xmi.idref="S.6"/>
   </GXML:ClassDiagram.cells>
   <GXML:ClassDiagram.connectionSet>
    <GXML:ConnectionSet connections="S.202 S.203 S.204 S.205 S.206 S.207 S.208 S.209 S.210 S.211 S.212 S.213 S.214 S.215" edges="S.12 S.9 S.48 S.21 S.25 S.44 S.53" xmi.id="S.201">
     <GXML:ConnectionSet.connections>
      <GXML:ConnectionSet_GXConnection edge="S.44" isSource="true" port="S.32" xmi.id="S.202"/>
      <GXML:ConnectionSet_GXConnection edge="S.53" isSource="false" port="S.33" xmi.id="S.203"/>
      <GXML:ConnectionSet_GXConnection edge="S.21" isSource="true" port="S.36" xmi.id="S.204"/>
      <GXML:ConnectionSet_GXConnection edge="S.53" isSource="true" port="S.20" xmi.id="S.205"/>
      <GXML:ConnectionSet_GXConnection edge="S.9" isSource="false" port="S.36" xmi.id="S.206"/>
      <GXML:ConnectionSet_GXConnection edge="S.48" isSource="true" port="S.33" xmi.id="S.207"/>
      <GXML:ConnectionSet_GXConnection edge="S.12" isSource="false" port="S.20" xmi.id="S.208"/>
      <GXML:ConnectionSet_GXConnection edge="S.48" isSource="false" port="S.41" xmi.id="S.209"/>
      <GXML:ConnectionSet_GXConnection edge="S.21" isSource="false" port="S.51" xmi.id="S.210"/>
      <GXML:ConnectionSet_GXConnection edge="S.25" isSource="true" port="S.36" xmi.id="S.211"/>
      <GXML:ConnectionSet_GXConnection edge="S.25" isSource="false" port="S.22" xmi.id="S.212"/>
      <GXML:ConnectionSet_GXConnection edge="S.9" isSource="true" port="S.52" xmi.id="S.213"/>
      <GXML:ConnectionSet_GXConnection edge="S.44" isSource="false" port="S.33" xmi.id="S.214"/>
      <GXML:ConnectionSet_GXConnection edge="S.12" isSource="true" port="S.52" xmi.id="S.215"/>
     </GXML:ConnectionSet.connections>
    </GXML:ConnectionSet>
   </GXML:ClassDiagram.connectionSet>
   <GXML:ClassDiagram.globalFilter>
    <GXML:ClassFilter xmi.id="S.216">
     <GXML:ClassFilter.map>
      <GXML:HashtableStrings keys="a_pac m_pub m_pro m_pri msignature a_pri stereotype a_pub a_pro m_pac" values="true true true true true true true true true true" xmi.id="S.217"/>
     </GXML:ClassFilter.map>
    </GXML:ClassFilter>
   </GXML:ClassDiagram.globalFilter>
   <GXML:ClassDiagram.classes>
    <UML:Class href="../CampaignModel.xml|S.152" xml:link="simple" xmlns:UML="http://lci/xml"/>
    <UML:Class href="../CampaignModel.xml|S.102" xml:link="simple" xmlns:UML="http://lci/xml"/>
    <UML:Class href="../CampaignModel.xml|S.142" xml:link="simple" xmlns:UML="http://lci/xml"/>
    <UML:Class href="../CampaignModel.xml|S.123" xml:link="simple" xmlns:UML="http://lci/xml"/>
    <UML:Class href="../CampaignModel.xml|S.139" xml:link="simple" xmlns:UML="http://lci/xml"/>
    <UML:Class href="../CampaignModel.xml|S.181" xml:link="simple" xmlns:UML="http://lci/xml"/>
    <UML:Class href="../CampaignModel.xml|S.200" xml:link="simple" xmlns:UML="http://lci/xml"/>
    <UML:Class href="../CampaignModel.xml|S.188" xml:link="simple" xmlns:UML="http://lci/xml"/>
    <UML:Class href="../CampaignModel.xml|S.147" xml:link="simple" xmlns:UML="http://lci/xml"/>
   </GXML:ClassDiagram.classes>
  </GXML:ClassDiagram>
 </XMI.content>
</XMI>
