A,B,C,D,E,Label
0,1,0,0,1,0
1,0,1,1,0,1
1,1,1,1,1,1
0,0,0,0,0,0
1,1,0,0,1,1
0,0,1,1,0,0
1,0,1,0,1,1
0,1,1,1,0,0
1,1,1,0,0,1
0,0,0,1,1,0
1,0,0,1,0,1
0,1,0,1,1,0
1,1,0,1,1,1
0,0,1,0,0,0
1,0,1,1,1,1
0,1,1,0,1,0
1,1,1,1,0,1
0,0,0,0,1,0
1,1,0,1,0,1
0,1,1,1,1,0
1,0,0,0,0,1
0,0,1,1,1,0
1,1,1,0,1,1
0,1,0,0,0,0
1,0,1,0,0,1
0,1,1,1,0,0
1,1,0,0,0,1
0,0,1,0,1,0
1,0,1,1,0,1
0,1,0,1,0,0
1,1,1,1,0,1
0,0,0,1,0,0
1,0,0,1,1,1
0,1,1,0,0,0
1,1,0,1,1,1
0,0,1,1,0,0
1,0,1,0,0,1
0,1,0,0,1,0
1,1,1,0,0,1
0,0,0,0,0,0
1,0,1,1,1,1
0,1,1,1,1,0
1,1,0,0,1,1
0,0,1,0,0,0
1,0,1,1,0,1
0,1,0,1,1,0
1,1,1,1,1,1
0,0,0,1,1,0
1,0,0,1,0,1
0,1,0,1,1,0
1,1,0,1,1,1
0,0,1,0,0,0
1,0,1,1,1,1
0,1,1,0,1,0
1,1,1,1,0,1
0,0,0,0,1,0
1,1,0,1,0,1
0,1,1,1,1,0
1,0,0,0,0,1
0,0,1,1,1,0
1,1,1,0,1,1
0,1,0,0,0,0
1,0,1,0,0,1
0,1,1,1,0,0
1,1,0,0,0,1
0,0,1,0,1,0
1,0,1,1,0,1
0,1,0,1,0,0
1,1,1,1,0,1
0,0,0,1,0,0
1,0,0,1,1,1
0,1,1,0,0,0
1,1,0,1,1,1
0,0,1,1,0,0
1,0,1,0,0,1
0,1,0,0,1,0
1,1,1,0,0,1
0,0,0,0,0,0
1,0,1,1,1,1
0,1,1,1,1,0
1,1,0,0,1,1
0,0,1,0,0,0
1,0,1,1,0,1
0,1,0,1,1,0
1,1,1,1,1,1
0,0,0,1,1,0
1,0,0,1,0,1
0,1,0,1,1,0
1,1,0,1,1,1
0,0,1,0,0,0
1,0,1,1,1,1
0,1,1,0,1,0
1,1,1,1,0,1
0,0,0,0,1,0
1,1,0,1,0,1