<?xml version="1.0" encoding="UTF-8" standalone="no"?>
<XMI xmlns:UML="//org.omg/UML/1.3" xmi.version="1.1">
 <XMI.header>
  <XMI.documentation>
   <XMI.exporter>ocle 2.0</XMI.exporter>
   <XMI.exporterVersion>1.0</XMI.exporterVersion>
  </XMI.documentation>
  <XMI.metamodel xmi.name="UML" xmi.version="1.3"/>
 </XMI.header>
 <XMI.content>
  <UML:Model isAbstract="false" isLeaf="true" isRoot="true" isSpecification="false" isTemplate="false" name="CampaignModel" visibility="public" xmi.id="S.1" xmlns:UML="http://lci/xml">
   <UML:Namespace.ownedElement>
    <UML:Stereotype baseClass="AssociationEnd" isAbstract="false" isLeaf="false" isRoot="false" isSpecification="false" isTemplate="false" name="global" namespace="S.1" visibility="package" xmi.id="S.2"/>
    <UML:Stereotype baseClass="Abstraction" isAbstract="false" isLeaf="false" isRoot="false" isSpecification="false" isTemplate="false" name="file" namespace="S.1" visibility="package" xmi.id="S.3"/>
    <UML:Stereotype baseClass="Package" isAbstract="false" isLeaf="false" isRoot="false" isSpecification="false" isTemplate="false" name="facade" namespace="S.1" visibility="package" xmi.id="S.4"/>
    <UML:DataType isAbstract="false" isLeaf="false" isRoot="false" isSpecification="false" isTemplate="false" name="undefined" namespace="S.1" visibility="package" xmi.id="S.5"/>
    <UML:Stereotype baseClass="Package" isAbstract="false" isLeaf="false" isRoot="false" isSpecification="false" isTemplate="false" name="systemModel" namespace="S.1" visibility="package" xmi.id="S.6"/>
    <UML:Stereotype baseClass="Package" isAbstract="false" isLeaf="false" isRoot="false" isSpecification="false" isTemplate="false" name="framework" namespace="S.1" visibility="package" xmi.id="S.7"/>
    <UML:Stereotype baseClass="Classifier" isAbstract="false" isLeaf="false" isRoot="false" isSpecification="false" isTemplate="false" name="enumeration" namespace="S.1" visibility="package" xmi.id="S.8"/>
    <UML:Stereotype baseClass="AssociationEnd" isAbstract="false" isLeaf="false" isRoot="false" isSpecification="false" isTemplate="false" name="association" namespace="S.1" visibility="package" xmi.id="S.9"/>
    <UML:Stereotype baseClass="Constraint" isAbstract="false" isLeaf="false" isRoot="false" isSpecification="false" isTemplate="false" name="precondition" namespace="S.1" visibility="package" xmi.id="S.10"/>
    <UML:Stereotype baseClass="Constraint" isAbstract="false" isLeaf="false" isRoot="false" isSpecification="false" isTemplate="false" name="invariant" namespace="S.1" visibility="package" xmi.id="S.11"/>
    <UML:Stereotype baseClass="Abstraction" isAbstract="false" isLeaf="false" isRoot="false" isSpecification="false" isTemplate="false" name="executable" namespace="S.1" visibility="package" xmi.id="S.12"/>
    <UML:Stereotype baseClass="Package" isAbstract="false" isLeaf="false" isRoot="false" isSpecification="false" isTemplate="false" name="profile" namespace="S.1" visibility="package" xmi.id="S.13"/>
    <UML:DataType isAbstract="false" isLeaf="false" isRoot="false" isSpecification="false" isTemplate="false" name="Integer" namespace="S.1" visibility="package" xmi.id="S.14"/>
    <UML:Stereotype baseClass="Class" isAbstract="false" isLeaf="false" isRoot="false" isSpecification="false" isTemplate="false" name="powertype" namespace="S.1" visibility="package" xmi.id="S.15"/>
    <UML:Stereotype baseClass="Abstraction" isAbstract="false" isLeaf="false" isRoot="false" isSpecification="false" isTemplate="false" name="document" namespace="S.1" visibility="package" xmi.id="S.16"/>
    <UML:Stereotype baseClass="Abstraction" isAbstract="false" isLeaf="false" isRoot="false" isSpecification="false" isTemplate="false" name="trace" namespace="S.1" visibility="package" xmi.id="S.17"/>
    <UML:Stereotype baseClass="AssociationEnd" isAbstract="false" isLeaf="false" isRoot="false" isSpecification="false" isTemplate="false" name="self" namespace="S.1" visibility="package" xmi.id="S.18"/>
    <UML:Stereotype baseClass="AssociationEnd" isAbstract="false" isLeaf="false" isRoot="false" isSpecification="false" isTemplate="false" name="local" namespace="S.1" visibility="package" xmi.id="S.19"/>
    <UML:Stereotype baseClass="Permission" isAbstract="false" isLeaf="false" isRoot="false" isSpecification="false" isTemplate="false" name="import" namespace="S.1" visibility="package" xmi.id="S.20"/>
    <UML:Stereotype baseClass="AssociationEnd" isAbstract="false" isLeaf="false" isRoot="false" isSpecification="false" isTemplate="false" name="parameter" namespace="S.1" visibility="package" xmi.id="S.21"/>
    <UML:Stereotype baseClass="Comment" isAbstract="false" isLeaf="false" isRoot="false" isSpecification="false" isTemplate="false" name="requirement" namespace="S.1" visibility="package" xmi.id="S.22"/>
    <UML:Stereotype baseClass="Comment" isAbstract="false" isLeaf="false" isRoot="false" isSpecification="false" isTemplate="false" name="responsibility" namespace="S.1" visibility="package" xmi.id="S.23"/>
    <UML:Stereotype baseClass="BehavioralFeature CallEvent" isAbstract="false" isLeaf="false" isRoot="false" isSpecification="false" isTemplate="false" name="destroy" namespace="S.1" visibility="package" xmi.id="S.24"/>
    <UML:Stereotype baseClass="Class Generalization" isAbstract="false" isLeaf="false" isRoot="false" isSpecification="false" isTemplate="false" name="implementation" namespace="S.1" visibility="package" xmi.id="S.25"/>
    <UML:Stereotype baseClass="Usage" isAbstract="false" isLeaf="false" isRoot="false" isSpecification="false" isTemplate="false" name="call" namespace="S.1" visibility="package" xmi.id="S.26"/>
    <UML:Stereotype baseClass="Package" isAbstract="false" isLeaf="false" isRoot="false" isSpecification="false" isTemplate="false" name="appliedProfile" namespace="S.1" visibility="package" xmi.id="S.27"/>
    <UML:Stereotype baseClass="Class" isAbstract="false" isLeaf="false" isRoot="false" isSpecification="false" isTemplate="false" name="type" namespace="S.1" visibility="package" xmi.id="S.28"/>
    <UML:Stereotype baseClass="Class" isAbstract="false" isLeaf="false" isRoot="false" isSpecification="false" isTemplate="false" name="focus" namespace="S.1" visibility="package" xmi.id="S.29"/>
    <UML:DataType isAbstract="false" isLeaf="false" isRoot="false" isSpecification="false" isTemplate="false" name="Real" namespace="S.1" visibility="package" xmi.id="S.30"/>
    <UML:Stereotype baseClass="Usage" isAbstract="false" isLeaf="false" isRoot="false" isSpecification="false" isTemplate="false" name="send" namespace="S.1" visibility="package" xmi.id="S.31"/>
    <UML:Stereotype baseClass="Classifier" isAbstract="false" isLeaf="false" isRoot="false" isSpecification="false" isTemplate="false" name="process" namespace="S.1" visibility="package" xmi.id="S.32"/>
    <UML:Stereotype baseClass="Permission" isAbstract="false" isLeaf="false" isRoot="false" isSpecification="false" isTemplate="false" name="access" namespace="S.1" visibility="package" xmi.id="S.33"/>
    <UML:Stereotype baseClass="BehavioralFeature CallEvent Usage" isAbstract="false" isLeaf="false" isRoot="false" isSpecification="false" isTemplate="false" name="create" namespace="S.1" visibility="package" xmi.id="S.34"/>
    <UML:Stereotype baseClass="Abstraction" isAbstract="false" isLeaf="false" isRoot="false" isSpecification="false" isTemplate="false" name="refine" namespace="S.1" visibility="package" xmi.id="S.35"/>
    <UML:Stereotype baseClass="Abstraction" isAbstract="false" isLeaf="false" isRoot="false" isSpecification="false" isTemplate="false" name="source" namespace="S.1" visibility="package" xmi.id="S.36"/>
    <UML:DataType isAbstract="false" isLeaf="false" isRoot="false" isSpecification="false" isTemplate="false" name="UnlimitedInteger" namespace="S.1" visibility="package" xmi.id="S.37"/>
    <UML:Stereotype baseClass="Abstraction" isAbstract="false" isLeaf="false" isRoot="false" isSpecification="false" isTemplate="false" name="table" namespace="S.1" visibility="package" xmi.id="S.38"/>
    <UML:Stereotype baseClass="Package" isAbstract="false" isLeaf="false" isRoot="false" isSpecification="false" isTemplate="false" name="stub" namespace="S.1" visibility="package" xmi.id="S.39"/>
    <UML:Stereotype baseClass="Abstraction" isAbstract="false" isLeaf="false" isRoot="false" isSpecification="false" isTemplate="false" name="library" namespace="S.1" visibility="package" xmi.id="S.40"/>
    <UML:Stereotype baseClass="Abstraction" isAbstract="false" isLeaf="false" isRoot="false" isSpecification="false" isTemplate="false" name="realize" namespace="S.1" visibility="package" xmi.id="S.41"/>
    <UML:Stereotype baseClass="Abstraction" isAbstract="false" isLeaf="false" isRoot="false" isSpecification="false" isTemplate="false" name="derive" namespace="S.1" visibility="package" xmi.id="S.42"/>
    <UML:Stereotype baseClass="Flow" isAbstract="false" isLeaf="false" isRoot="false" isSpecification="false" isTemplate="false" name="copy" namespace="S.1" visibility="package" xmi.id="S.43"/>
    <UML:Stereotype baseClass="Class" isAbstract="false" isLeaf="false" isRoot="false" isSpecification="false" isTemplate="false" name="auxiliary" namespace="S.1" visibility="package" xmi.id="S.44"/>
    <UML:Stereotype baseClass="Flow" isAbstract="false" isLeaf="false" isRoot="false" isSpecification="false" isTemplate="false" name="become" namespace="S.1" visibility="package" xmi.id="S.45"/>
    <UML:Stereotype baseClass="ObjectFlowState" isAbstract="false" isLeaf="false" isRoot="false" isSpecification="false" isTemplate="false" name="signalflow" namespace="S.1" visibility="package" xmi.id="S.46"/>
    <UML:Stereotype baseClass="Usage" isAbstract="false" isLeaf="false" isRoot="false" isSpecification="false" isTemplate="false" name="instantiate" namespace="S.1" visibility="package" xmi.id="S.47"/>
    <UML:Stereotype baseClass="Constraint" isAbstract="false" isLeaf="false" isRoot="false" isSpecification="false" isTemplate="false" name="stateInvariant" namespace="S.1" visibility="package" xmi.id="S.48"/>
    <UML:Stereotype baseClass="Constraint" isAbstract="false" isLeaf="false" isRoot="false" isSpecification="false" isTemplate="false" name="postcondition" namespace="S.1" visibility="package" xmi.id="S.49"/>
    <UML:Stereotype baseClass="Classifier" isAbstract="false" isLeaf="false" isRoot="false" isSpecification="false" isTemplate="false" name="utility" namespace="S.1" visibility="package" xmi.id="S.50"/>
    <UML:Stereotype baseClass="Classifier" isAbstract="false" isLeaf="false" isRoot="false" isSpecification="false" isTemplate="false" name="thread" namespace="S.1" visibility="package" xmi.id="S.51"/>
    <UML:DataType isAbstract="false" isLeaf="false" isRoot="false" isSpecification="false" isTemplate="false" name="String" namespace="S.1" visibility="package" xmi.id="S.52"/>
    <UML:Stereotype baseClass="Package" isAbstract="false" isLeaf="false" isRoot="false" isSpecification="false" isTemplate="false" name="modelLibrary" namespace="S.1" visibility="package" xmi.id="S.53"/>
    <UML:Stereotype baseClass="Package" isAbstract="false" isLeaf="false" isRoot="false" isSpecification="false" isTemplate="false" name="metamodel" namespace="S.1" visibility="package" xmi.id="S.54"/>
    <UML:Stereotype baseClass="Class" isAbstract="false" isLeaf="false" isRoot="false" isSpecification="false" isTemplate="false" name="metaclass" namespace="S.1" visibility="package" xmi.id="S.55"/>
    <UML:Stereotype baseClass="Package" isAbstract="false" isLeaf="false" isRoot="false" isSpecification="false" isTemplate="false" name="topLevel" namespace="S.1" visibility="package" xmi.id="S.56"/>
    <UML:DataType isAbstract="false" isLeaf="false" isRoot="false" isSpecification="false" isTemplate="false" name="Boolean" namespace="S.1" visibility="package" xmi.id="S.57"/>
    <UML:Stereotype baseClass="Permission" isAbstract="false" isLeaf="false" isRoot="false" isSpecification="false" isTemplate="false" name="friend" namespace="S.1" visibility="package" xmi.id="S.58"/>
    <UML:Stereotype baseClass="Classifier" isAbstract="false" isLeaf="false" isRoot="false" isSpecification="false" isTemplate="false" name="DTDChoice" namespace="S.1" visibility="public" xmi.id="S.59"/>
    <UML:Stereotype baseClass="Classifier" isAbstract="false" isLeaf="false" isRoot="false" isSpecification="false" isTemplate="false" name="DTDSequence" namespace="S.1" visibility="public" xmi.id="S.60"/>
    <UML:Stereotype baseClass="Classifier" isAbstract="false" isLeaf="false" isRoot="false" isSpecification="false" isTemplate="false" name="DTDMixed" namespace="S.1" visibility="public" xmi.id="S.61"/>
    <UML:Stereotype baseClass="Classifier" isAbstract="false" isLeaf="false" isRoot="false" isSpecification="false" isTemplate="false" name="DTDAny" namespace="S.1" visibility="public" xmi.id="S.62"/>
    <UML:Stereotype baseClass="Classifier" isAbstract="false" isLeaf="false" isRoot="false" isSpecification="false" isTemplate="false" name="DTDAnyElement" namespace="S.1" visibility="public" xmi.id="S.63"/>
    <UML:Stereotype baseClass="Classifier" isAbstract="false" isLeaf="false" isRoot="false" isSpecification="false" isTemplate="false" name="DTDEmptyElement" namespace="S.1" visibility="public" xmi.id="S.64"/>
    <UML:Stereotype baseClass="Classifier" isAbstract="false" isLeaf="false" isRoot="false" isSpecification="false" isTemplate="false" name="DTDElement" namespace="S.1" visibility="public" xmi.id="S.65"/>
    <UML:Stereotype baseClass="Classifier" isAbstract="false" isLeaf="false" isRoot="false" isSpecification="false" isTemplate="false" name="DTDUndefinedElement" namespace="S.1" visibility="public" xmi.id="S.66"/>
    <UML:Stereotype baseClass="Attribute" isAbstract="false" isLeaf="false" isRoot="false" isSpecification="false" isTemplate="false" name="DTDUndefinedAttribute" namespace="S.1" visibility="public" xmi.id="S.67"/>
    <UML:Stereotype baseClass="Association" isAbstract="false" isLeaf="false" isRoot="false" isSpecification="false" isTemplate="false" name="DTDUndefinedAssociation" namespace="S.1" visibility="public" xmi.id="S.68"/>
    <UML:Stereotype baseClass="Association" isAbstract="false" isLeaf="false" isRoot="false" isSpecification="false" isTemplate="false" name="DTDInvalidAssociation" namespace="S.1" visibility="public" xmi.id="S.69"/>
    <UML:Stereotype baseClass="Attribute" isAbstract="false" isLeaf="false" isRoot="false" isSpecification="false" isTemplate="false" name="CDATA" namespace="S.1" visibility="public" xmi.id="S.70"/>
    <UML:Stereotype baseClass="Attribute" isAbstract="false" isLeaf="false" isRoot="false" isSpecification="false" isTemplate="false" name="ID" namespace="S.1" visibility="public" xmi.id="S.71"/>
    <UML:Stereotype baseClass="Attribute" isAbstract="false" isLeaf="false" isRoot="false" isSpecification="false" isTemplate="false" name="IDREF" namespace="S.1" visibility="public" xmi.id="S.72"/>
    <UML:Stereotype baseClass="Attribute" isAbstract="false" isLeaf="false" isRoot="false" isSpecification="false" isTemplate="false" name="IDREFS" namespace="S.1" visibility="public" xmi.id="S.73"/>
    <UML:Stereotype baseClass="Attribute" isAbstract="false" isLeaf="false" isRoot="false" isSpecification="false" isTemplate="false" name="NMTOKEN" namespace="S.1" visibility="public" xmi.id="S.74"/>
    <UML:Stereotype baseClass="Attribute" isAbstract="false" isLeaf="false" isRoot="false" isSpecification="false" isTemplate="false" name="NMTOKENS" namespace="S.1" visibility="public" xmi.id="S.75"/>
    <UML:Stereotype baseClass="Attribute" isAbstract="false" isLeaf="false" isRoot="false" isSpecification="false" isTemplate="false" name="ENTITY" namespace="S.1" visibility="public" xmi.id="S.76"/>
    <UML:Stereotype baseClass="Attribute" isAbstract="false" isLeaf="false" isRoot="false" isSpecification="false" isTemplate="false" name="ENTITIES" namespace="S.1" visibility="public" xmi.id="S.77"/>
    <UML:Stereotype baseClass="Attribute" isAbstract="false" isLeaf="false" isRoot="false" isSpecification="false" isTemplate="false" name="NOTATION" namespace="S.1" visibility="public" xmi.id="S.78"/>
    <UML:Stereotype baseClass="Attribute" isAbstract="false" isLeaf="false" isRoot="false" isSpecification="false" isTemplate="false" name="REQUIRED" namespace="S.1" visibility="public" xmi.id="S.79"/>
    <UML:Stereotype baseClass="Attribute" isAbstract="false" isLeaf="false" isRoot="false" isSpecification="false" isTemplate="false" name="IMPLIED" namespace="S.1" visibility="public" xmi.id="S.80"/>
    <UML:Stereotype baseClass="Attribute" isAbstract="false" isLeaf="false" isRoot="false" isSpecification="false" isTemplate="false" name="FIXED" namespace="S.1" visibility="public" xmi.id="S.81"/>
    <UML:Stereotype baseClass="AttributeLink" isAbstract="false" isLeaf="false" isRoot="false" isSpecification="false" isTemplate="false" name="XMLMissingAttribute" namespace="S.1" visibility="public" xmi.id="S.82"/>
    <UML:Stereotype baseClass="AttributeLink" isAbstract="false" isLeaf="false" isRoot="false" isSpecification="false" isTemplate="false" name="XMLUnexpectedAttribute" namespace="S.1" visibility="public" xmi.id="S.83"/>
    <UML:Stereotype baseClass="Object" isAbstract="false" isLeaf="false" isRoot="false" isSpecification="false" isTemplate="false" name="XMLMissingElement" namespace="S.1" visibility="public" xmi.id="S.84"/>
    <UML:Stereotype baseClass="Object" isAbstract="false" isLeaf="false" isRoot="false" isSpecification="false" isTemplate="false" name="XMLUnexpectedElement" namespace="S.1" visibility="public" xmi.id="S.85"/>
    <UML:Stereotype baseClass="Link" isAbstract="false" isLeaf="false" isRoot="false" isSpecification="false" isTemplate="false" name="XMLMissingLink" namespace="S.1" visibility="public" xmi.id="S.86"/>
    <UML:Stereotype baseClass="Link" isAbstract="false" isLeaf="false" isRoot="false" isSpecification="false" isTemplate="false" name="XMLUnexpectedLink" namespace="S.1" visibility="public" xmi.id="S.87"/>
    <UML:Stereotype baseClass="Link" isAbstract="false" isLeaf="false" isRoot="false" isSpecification="false" isTemplate="false" name="XMLInvalidLink" namespace="S.1" visibility="public" xmi.id="S.88"/>
    <UML:Stereotype baseClass="Collaboration" isAbstract="false" isLeaf="false" isRoot="false" isSpecification="false" isTemplate="false" name="XMLObjectsCollaboration" namespace="S.1" visibility="public" xmi.id="S.89"/>
    <UML:TagDefinition isSpecification="false" isTemplate="false" name="sequence" namespace="S.1" tagType="Integer" visibility="public" xmi.id="S.90">
     <UML:TagDefinition.multiplicity>
      <UML:Multiplicity xmi.id="S.91">
       <UML:Multiplicity.range>
        <UML:MultiplicityRange lower="1" multiplicity="S.91" upper="1" xmi.id="S.92"/>
       </UML:Multiplicity.range>
      </UML:Multiplicity>
     </UML:TagDefinition.multiplicity>
    </UML:TagDefinition>
    <UML:TagDefinition isSpecification="false" isTemplate="false" name="choice" namespace="S.1" tagType="Integer" visibility="public" xmi.id="S.93">
     <UML:TagDefinition.multiplicity>
      <UML:Multiplicity xmi.id="S.94">
       <UML:Multiplicity.range>
        <UML:MultiplicityRange lower="1" multiplicity="S.94" upper="1" xmi.id="S.95"/>
       </UML:Multiplicity.range>
      </UML:Multiplicity>
     </UML:TagDefinition.multiplicity>
    </UML:TagDefinition>
    <UML:TagDefinition isSpecification="false" isTemplate="false" name="mixed" namespace="S.1" tagType="Integer" visibility="public" xmi.id="S.96">
     <UML:TagDefinition.multiplicity>
      <UML:Multiplicity xmi.id="S.97">
       <UML:Multiplicity.range>
        <UML:MultiplicityRange lower="1" multiplicity="S.97" upper="1" xmi.id="S.98"/>
       </UML:Multiplicity.range>
      </UML:Multiplicity>
     </UML:TagDefinition.multiplicity>
    </UML:TagDefinition>
    <UML:TagDefinition isSpecification="false" isTemplate="false" name="any" namespace="S.1" tagType="Integer" visibility="public" xmi.id="S.99">
     <UML:TagDefinition.multiplicity>
      <UML:Multiplicity xmi.id="S.100">
       <UML:Multiplicity.range>
        <UML:MultiplicityRange lower="1" multiplicity="S.100" upper="1" xmi.id="S.101"/>
       </UML:Multiplicity.range>
      </UML:Multiplicity>
     </UML:TagDefinition.multiplicity>
    </UML:TagDefinition>
    <UML:Class isAbstract="false" isActive="true" isLeaf="false" isRoot="false" isSpecification="false" isTemplate="false" name="Campaign" namespace="S.1" visibility="public" xmi.id="S.102">
     <UML:Classifier.feature>
      <UML:Operation concurrency="concurrent" isAbstract="false" isLeaf="false" isQuery="false" isRoot="false" isSpecification="false" isTemplate="false" name="checkCampaignBudget" owner="S.102" ownerScope="instance" visibility="public" xmi.id="S.103">
       <UML:BehavioralFeature.parameter>
        <UML:Parameter behavioralFeature="S.103" isSpecification="false" isTemplate="false" kind="return" name="budgetCostDifference" type="S.30" visibility="private" xmi.id="S.104"/>
       </UML:BehavioralFeature.parameter>
      </UML:Operation>
      <UML:Operation concurrency="concurrent" isAbstract="false" isLeaf="false" isQuery="false" isRoot="false" isSpecification="false" isTemplate="false" name="getCampaignDetails" owner="S.102" ownerScope="instance" visibility="public" xmi.id="S.105">
       <UML:BehavioralFeature.parameter>
        <UML:Parameter behavioralFeature="S.105" isSpecification="false" isTemplate="false" kind="return" name="details" type="S.52" visibility="private" xmi.id="S.106"/>
       </UML:BehavioralFeature.parameter>
      </UML:Operation>
      <UML:Operation concurrency="concurrent" isAbstract="false" isLeaf="false" isQuery="false" isRoot="false" isSpecification="false" isTemplate="false" name="getOverheads" owner="S.102" ownerScope="instance" visibility="public" xmi.id="S.107">
       <UML:BehavioralFeature.parameter>
        <UML:Parameter behavioralFeature="S.107" isSpecification="false" isTemplate="false" kind="return" name="campaignOverheads" type="S.30" visibility="private" xmi.id="S.108"/>
       </UML:BehavioralFeature.parameter>
      </UML:Operation>
      <UML:Attribute changeability="changeable" isSpecification="false" isTemplate="false" name="title" ordering="unordered" owner="S.102" ownerScope="instance" targetScope="instance" type="S.52" visibility="protected" xmi.id="S.109">
       <UML:Attribute.initialValue>
        <UML:Expression body="" xmi.id="S.110"/>
       </UML:Attribute.initialValue>
       <UML:StructuralFeature.multiplicity>
        <UML:Multiplicity xmi.id="S.111">
         <UML:Multiplicity.range>
          <UML:MultiplicityRange lower="1" multiplicity="S.111" upper="1" xmi.id="S.112"/>
         </UML:Multiplicity.range>
        </UML:Multiplicity>
       </UML:StructuralFeature.multiplicity>
      </UML:Attribute>
      <UML:Attribute changeability="changeable" isSpecification="false" isTemplate="false" name="estimatedCost" ordering="unordered" owner="S.102" ownerScope="instance" targetScope="instance" type="S.30" visibility="protected" xmi.id="S.113">
       <UML:Attribute.initialValue>
        <UML:Expression body="" xmi.id="S.114"/>
       </UML:Attribute.initialValue>
       <UML:StructuralFeature.multiplicity>
        <UML:Multiplicity xmi.id="S.115">
         <UML:Multiplicity.range>
          <UML:MultiplicityRange lower="1" multiplicity="S.115" upper="1" xmi.id="S.116"/>
         </UML:Multiplicity.range>
        </UML:Multiplicity>
       </UML:StructuralFeature.multiplicity>
      </UML:Attribute>
      <UML:Attribute changeability="changeable" isSpecification="false" isTemplate="false" name="campaignOverheads" ordering="unordered" owner="S.102" ownerScope="instance" targetScope="instance" type="S.30" visibility="protected" xmi.id="S.117">
       <UML:Attribute.initialValue>
        <UML:Expression body="" xmi.id="S.118"/>
       </UML:Attribute.initialValue>
       <UML:StructuralFeature.multiplicity>
        <UML:Multiplicity xmi.id="S.119">
         <UML:Multiplicity.range>
          <UML:MultiplicityRange lower="1" multiplicity="S.119" upper="1" xmi.id="S.120"/>
         </UML:Multiplicity.range>
        </UML:Multiplicity>
       </UML:StructuralFeature.multiplicity>
      </UML:Attribute>
      <UML:Operation concurrency="concurrent" isAbstract="false" isLeaf="false" isQuery="false" isRoot="false" isSpecification="false" isTemplate="false" name="assignStaff" owner="S.102" ownerScope="instance" visibility="public" xmi.id="S.121">
       <UML:BehavioralFeature.parameter>
        <UML:Parameter behavioralFeature="S.121" isSpecification="false" isTemplate="false" kind="in" name="creativeStaffObject" type="S.123" visibility="private" xmi.id="S.122"/>
       </UML:BehavioralFeature.parameter>
      </UML:Operation>
      <UML:Attribute changeability="changeable" isSpecification="false" isTemplate="false" name="ohRate" ordering="unordered" owner="S.102" ownerScope="instance" targetScope="instance" type="S.30" visibility="protected" xmi.id="S.124">
       <UML:Attribute.initialValue>
        <UML:Expression body="" xmi.id="S.125"/>
       </UML:Attribute.initialValue>
       <UML:StructuralFeature.multiplicity>
        <UML:Multiplicity xmi.id="S.126">
         <UML:Multiplicity.range>
          <UML:MultiplicityRange lower="1" multiplicity="S.126" upper="1" xmi.id="S.127"/>
         </UML:Multiplicity.range>
        </UML:Multiplicity>
       </UML:StructuralFeature.multiplicity>
      </UML:Attribute>
      <UML:Attribute changeability="changeable" isSpecification="false" isTemplate="false" name="clientLetterRequired" ordering="unordered" owner="S.102" ownerScope="instance" targetScope="instance" type="S.57" visibility="protected" xmi.id="S.128">
       <UML:Attribute.initialValue>
        <UML:Expression body="" xmi.id="S.129"/>
       </UML:Attribute.initialValue>
       <UML:StructuralFeature.multiplicity>
        <UML:Multiplicity xmi.id="S.130">
         <UML:Multiplicity.range>
          <UML:MultiplicityRange lower="1" multiplicity="S.130" upper="1" xmi.id="S.131"/>
         </UML:Multiplicity.range>
        </UML:Multiplicity>
       </UML:StructuralFeature.multiplicity>
      </UML:Attribute>
      <UML:Operation concurrency="concurrent" isAbstract="false" isLeaf="false" isQuery="false" isRoot="false" isSpecification="false" isTemplate="false" name="upDateEstimatedCost" owner="S.102" ownerScope="instance" visibility="public" xmi.id="S.132"/>
      <UML:Attribute changeability="changeable" isSpecification="false" isTemplate="false" name="budget" ordering="unordered" owner="S.102" ownerScope="instance" targetScope="instance" type="S.30" visibility="protected" xmi.id="S.133">
       <UML:Attribute.initialValue>
        <UML:Expression body="" xmi.id="S.134"/>
       </UML:Attribute.initialValue>
       <UML:StructuralFeature.multiplicity>
        <UML:Multiplicity xmi.id="S.135">
         <UML:Multiplicity.range>
          <UML:MultiplicityRange lower="1" multiplicity="S.135" upper="1" xmi.id="S.136"/>
         </UML:Multiplicity.range>
        </UML:Multiplicity>
       </UML:StructuralFeature.multiplicity>
      </UML:Attribute>
      <UML:Operation concurrency="concurrent" isAbstract="false" isLeaf="false" isQuery="false" isRoot="false" isSpecification="false" isTemplate="false" name="getStartDate" owner="S.102" ownerScope="instance" visibility="public" xmi.id="S.137">
       <UML:BehavioralFeature.parameter>
        <UML:Parameter behavioralFeature="S.137" isSpecification="false" isTemplate="false" kind="return" name="gradeStartDate" type="S.139" xmi.id="S.138"/>
       </UML:BehavioralFeature.parameter>
      </UML:Operation>
      <UML:Operation concurrency="concurrent" isAbstract="false" isLeaf="false" isQuery="false" isRoot="false" isSpecification="false" isTemplate="false" name="getFinishDate" owner="S.102" ownerScope="instance" visibility="public" xmi.id="S.140">
       <UML:BehavioralFeature.parameter>
        <UML:Parameter behavioralFeature="S.140" isSpecification="false" isTemplate="false" kind="return" name="gradeFinishDate" type="S.139" xmi.id="S.141"/>
       </UML:BehavioralFeature.parameter>
      </UML:Operation>
     </UML:Classifier.feature>
    </UML:Class>
    <UML:Class isAbstract="false" isActive="true" isLeaf="false" isRoot="false" isSpecification="false" isTemplate="false" name="Client" namespace="S.1" visibility="public" xmi.id="S.142">
     <UML:Classifier.feature>
      <UML:Operation concurrency="concurrent" isAbstract="false" isLeaf="false" isQuery="false" isRoot="false" isSpecification="false" isTemplate="false" name="getName" owner="S.142" ownerScope="instance" visibility="public" xmi.id="S.143">
       <UML:BehavioralFeature.parameter>
        <UML:Parameter behavioralFeature="S.143" isSpecification="false" isTemplate="false" kind="return" name="name" type="S.52" visibility="private" xmi.id="S.144"/>
       </UML:BehavioralFeature.parameter>
      </UML:Operation>
      <UML:Operation concurrency="concurrent" isAbstract="false" isLeaf="false" isQuery="false" isRoot="false" isSpecification="false" isTemplate="false" name="listCampaigns" owner="S.142" ownerScope="instance" visibility="public" xmi.id="S.145">
       <UML:BehavioralFeature.parameter>
        <UML:Parameter behavioralFeature="S.145" isSpecification="false" isTemplate="false" kind="return" name="titles" type="S.147" visibility="private" xmi.id="S.146"/>
       </UML:BehavioralFeature.parameter>
      </UML:Operation>
      <UML:Attribute changeability="changeable" isSpecification="false" isTemplate="false" name="name" ordering="unordered" owner="S.142" ownerScope="instance" targetScope="instance" type="S.52" visibility="protected" xmi.id="S.148">
       <UML:Attribute.initialValue>
        <UML:Expression body="" xmi.id="S.149"/>
       </UML:Attribute.initialValue>
       <UML:StructuralFeature.multiplicity>
        <UML:Multiplicity xmi.id="S.150">
         <UML:Multiplicity.range>
          <UML:MultiplicityRange lower="1" multiplicity="S.150" upper="1" xmi.id="S.151"/>
         </UML:Multiplicity.range>
        </UML:Multiplicity>
       </UML:StructuralFeature.multiplicity>
      </UML:Attribute>
     </UML:Classifier.feature>
    </UML:Class>
    <UML:Class isAbstract="false" isActive="true" isLeaf="false" isRoot="false" isSpecification="false" isTemplate="false" name="String []" namespace="S.1" visibility="public" xmi.id="S.147"/>
    <UML:Class isAbstract="false" isActive="true" isLeaf="false" isRoot="false" isSpecification="false" isTemplate="false" name="Advert" namespace="S.1" visibility="public" xmi.id="S.152">
     <UML:Classifier.feature>
      <UML:Operation concurrency="concurrent" isAbstract="false" isLeaf="false" isQuery="false" isRoot="false" isSpecification="false" isTemplate="false" name="getCost" owner="S.152" ownerScope="instance" visibility="public" xmi.id="S.153">
       <UML:BehavioralFeature.parameter>
        <UML:Parameter behavioralFeature="S.153" isSpecification="false" isTemplate="false" kind="return" name="actualAdvertCost" type="S.30" visibility="private" xmi.id="S.154"/>
       </UML:BehavioralFeature.parameter>
      </UML:Operation>
      <UML:Attribute changeability="changeable" isSpecification="false" isTemplate="false" name="actualAdvertCost" ordering="unordered" owner="S.152" ownerScope="instance" targetScope="instance" type="S.30" visibility="protected" xmi.id="S.155">
       <UML:Attribute.initialValue>
        <UML:Expression body="" xmi.id="S.156"/>
       </UML:Attribute.initialValue>
       <UML:StructuralFeature.multiplicity>
        <UML:Multiplicity xmi.id="S.157">
         <UML:Multiplicity.range>
          <UML:MultiplicityRange lower="1" multiplicity="S.157" upper="1" xmi.id="S.158"/>
         </UML:Multiplicity.range>
        </UML:Multiplicity>
       </UML:StructuralFeature.multiplicity>
      </UML:Attribute>
      <UML:Attribute changeability="changeable" isSpecification="false" isTemplate="false" name="estimatedCost" ordering="unordered" owner="S.152" ownerScope="instance" targetScope="instance" type="S.30" visibility="protected" xmi.id="S.159">
       <UML:Attribute.initialValue>
        <UML:Expression body="" xmi.id="S.160"/>
       </UML:Attribute.initialValue>
       <UML:StructuralFeature.multiplicity>
        <UML:Multiplicity xmi.id="S.161">
         <UML:Multiplicity.range>
          <UML:MultiplicityRange lower="1" multiplicity="S.161" upper="1" xmi.id="S.162"/>
         </UML:Multiplicity.range>
        </UML:Multiplicity>
       </UML:StructuralFeature.multiplicity>
      </UML:Attribute>
      <UML:Operation concurrency="concurrent" isAbstract="false" isLeaf="false" isQuery="true" isRoot="false" isSpecification="false" isTemplate="false" name="getEstimatedCost" owner="S.152" ownerScope="instance" visibility="public" xmi.id="S.163">
       <UML:BehavioralFeature.parameter>
        <UML:Parameter behavioralFeature="S.163" isSpecification="false" isTemplate="false" kind="return" name="estimatedCost" type="S.30" visibility="private" xmi.id="S.164"/>
       </UML:BehavioralFeature.parameter>
      </UML:Operation>
     </UML:Classifier.feature>
    </UML:Class>
    <UML:Association isAbstract="false" isLeaf="false" isRoot="false" isSpecification="false" isTemplate="false" name="A_Campaign_Advert" namespace="S.1" visibility="public" xmi.id="S.165">
     <UML:Association.connection>
      <UML:AssociationEnd aggregation="aggregate" association="S.165" changeability="changeable" isNavigable="true" isSpecification="false" isTemplate="false" name="campaign" ordering="unordered" targetScope="instance" type="S.102" visibility="public" xmi.id="S.166">
       <UML:AssociationEnd.multiplicity>
        <UML:Multiplicity xmi.id="S.167">
         <UML:Multiplicity.range>
          <UML:MultiplicityRange lower="1" multiplicity="S.167" upper="1" xmi.id="S.168"/>
         </UML:Multiplicity.range>
        </UML:Multiplicity>
       </UML:AssociationEnd.multiplicity>
      </UML:AssociationEnd>
      <UML:AssociationEnd aggregation="none" association="S.165" changeability="changeable" isNavigable="true" isSpecification="false" isTemplate="false" name="advert" ordering="unordered" targetScope="instance" type="S.152" visibility="public" xmi.id="S.169">
       <UML:AssociationEnd.multiplicity>
        <UML:Multiplicity xmi.id="S.170">
         <UML:Multiplicity.range>
          <UML:MultiplicityRange lower="0" multiplicity="S.170" upper="-1" xmi.id="S.171"/>
         </UML:Multiplicity.range>
        </UML:Multiplicity>
       </UML:AssociationEnd.multiplicity>
      </UML:AssociationEnd>
     </UML:Association.connection>
    </UML:Association>
    <UML:Association isAbstract="false" isLeaf="false" isRoot="false" isSpecification="false" isTemplate="false" name="A_Client_Campaign" namespace="S.1" visibility="public" xmi.id="S.172">
     <UML:Association.connection>
      <UML:AssociationEnd aggregation="none" association="S.172" changeability="changeable" isNavigable="true" isSpecification="false" isTemplate="false" name="client" ordering="unordered" targetScope="instance" type="S.142" visibility="public" xmi.id="S.173">
       <UML:AssociationEnd.multiplicity>
        <UML:Multiplicity xmi.id="S.174">
         <UML:Multiplicity.range>
          <UML:MultiplicityRange lower="1" multiplicity="S.174" upper="1" xmi.id="S.175"/>
         </UML:Multiplicity.range>
        </UML:Multiplicity>
       </UML:AssociationEnd.multiplicity>
      </UML:AssociationEnd>
      <UML:AssociationEnd aggregation="none" association="S.172" changeability="changeable" isNavigable="true" isSpecification="false" isTemplate="false" name="campaign" ordering="unordered" targetScope="instance" type="S.102" visibility="public" xmi.id="S.176">
       <UML:AssociationEnd.multiplicity>
        <UML:Multiplicity xmi.id="S.177">
         <UML:Multiplicity.range>
          <UML:MultiplicityRange lower="0" multiplicity="S.177" upper="-1" xmi.id="S.178"/>
         </UML:Multiplicity.range>
        </UML:Multiplicity>
       </UML:AssociationEnd.multiplicity>
      </UML:AssociationEnd>
     </UML:Association.connection>
    </UML:Association>
    <UML:Class generalization="S.187" isAbstract="false" isActive="true" isLeaf="false" isRoot="false" isSpecification="false" isTemplate="false" name="CreativeStaff" namespace="S.1" visibility="public" xmi.id="S.123">
     <UML:Classifier.feature>
      <UML:Operation concurrency="concurrent" isAbstract="false" isLeaf="false" isQuery="false" isRoot="false" isSpecification="false" isTemplate="false" name="changeGrade" owner="S.123" ownerScope="instance" visibility="public" xmi.id="S.179">
       <UML:BehavioralFeature.parameter>
        <UML:Parameter behavioralFeature="S.179" isSpecification="false" isTemplate="false" kind="in" name="grade" type="S.181" visibility="private" xmi.id="S.180"/>
        <UML:Parameter behavioralFeature="S.179" isSpecification="false" isTemplate="false" kind="in" name="gradeChangeDate" type="S.139" visibility="private" xmi.id="S.182"/>
       </UML:BehavioralFeature.parameter>
      </UML:Operation>
      <UML:Attribute changeability="changeable" isSpecification="false" isTemplate="false" name="today" ordering="unordered" owner="S.123" ownerScope="instance" targetScope="instance" type="S.139" visibility="protected" xmi.id="S.183">
       <UML:Attribute.initialValue>
        <UML:Expression body="" xmi.id="S.184"/>
       </UML:Attribute.initialValue>
       <UML:StructuralFeature.multiplicity>
        <UML:Multiplicity xmi.id="S.185">
         <UML:Multiplicity.range>
          <UML:MultiplicityRange lower="1" multiplicity="S.185" upper="1" xmi.id="S.186"/>
         </UML:Multiplicity.range>
        </UML:Multiplicity>
       </UML:StructuralFeature.multiplicity>
      </UML:Attribute>
     </UML:Classifier.feature>
     <UML:Namespace.ownedElement>
      <UML:Generalization child="S.123" isSpecification="false" isTemplate="false" name="CreativeStaff_is_a_StaffMember" namespace="S.123" parent="S.188" visibility="public" xmi.id="S.187"/>
     </UML:Namespace.ownedElement>
    </UML:Class>
    <UML:Class isAbstract="false" isActive="true" isLeaf="false" isRoot="false" isSpecification="false" isTemplate="false" name="StaffMember" namespace="S.1" specialization="S.187" visibility="public" xmi.id="S.188"/>
    <UML:Association isAbstract="false" isLeaf="false" isRoot="false" isSpecification="false" isTemplate="false" name="A_CreativeStaff_Campaign" namespace="S.1" visibility="public" xmi.id="S.189">
     <UML:Association.connection>
      <UML:AssociationEnd aggregation="none" association="S.189" changeability="changeable" isNavigable="true" isSpecification="false" isTemplate="false" name="creativeStaff" ordering="unordered" targetScope="instance" type="S.123" visibility="public" xmi.id="S.190">
       <UML:AssociationEnd.multiplicity>
        <UML:Multiplicity xmi.id="S.191">
         <UML:Multiplicity.range>
          <UML:MultiplicityRange lower="0" multiplicity="S.191" upper="-1" xmi.id="S.192"/>
         </UML:Multiplicity.range>
        </UML:Multiplicity>
       </UML:AssociationEnd.multiplicity>
      </UML:AssociationEnd>
      <UML:AssociationEnd aggregation="none" association="S.189" changeability="changeable" isNavigable="true" isSpecification="false" isTemplate="false" name="campaign" ordering="unordered" targetScope="instance" type="S.102" visibility="public" xmi.id="S.193">
       <UML:AssociationEnd.multiplicity>
        <UML:Multiplicity xmi.id="S.194">
         <UML:Multiplicity.range>
          <UML:MultiplicityRange lower="0" multiplicity="S.194" upper="-1" xmi.id="S.195"/>
         </UML:Multiplicity.range>
        </UML:Multiplicity>
       </UML:AssociationEnd.multiplicity>
      </UML:AssociationEnd>
     </UML:Association.connection>
    </UML:Association>
    <UML:Class isAbstract="false" isActive="true" isLeaf="false" isRoot="false" isSpecification="false" isTemplate="false" name="Grade" namespace="S.1" visibility="public" xmi.id="S.181">
     <UML:Classifier.feature>
      <UML:Attribute changeability="changeable" isSpecification="false" isTemplate="false" name="gradeName" ordering="unordered" owner="S.181" ownerScope="instance" targetScope="instance" type="S.52" visibility="protected" xmi.id="S.196">
       <UML:Attribute.initialValue>
        <UML:Expression body="" xmi.id="S.197"/>
       </UML:Attribute.initialValue>
       <UML:StructuralFeature.multiplicity>
        <UML:Multiplicity xmi.id="S.198">
         <UML:Multiplicity.range>
          <UML:MultiplicityRange lower="1" multiplicity="S.198" upper="1" xmi.id="S.199"/>
         </UML:Multiplicity.range>
        </UML:Multiplicity>
       </UML:StructuralFeature.multiplicity>
      </UML:Attribute>
     </UML:Classifier.feature>
    </UML:Class>
    <UML:Class isAbstract="false" isActive="true" isLeaf="false" isRoot="false" isSpecification="false" isTemplate="false" name="StaffGrade" namespace="S.1" visibility="public" xmi.id="S.200">
     <UML:Classifier.feature>
      <UML:Attribute changeability="changeable" isSpecification="false" isTemplate="false" name="gradeStartDate" ordering="unordered" owner="S.200" ownerScope="instance" targetScope="instance" type="S.139" visibility="protected" xmi.id="S.201">
       <UML:Attribute.initialValue>
        <UML:Expression body="" xmi.id="S.202"/>
       </UML:Attribute.initialValue>
       <UML:StructuralFeature.multiplicity>
        <UML:Multiplicity xmi.id="S.203">
         <UML:Multiplicity.range>
          <UML:MultiplicityRange lower="1" multiplicity="S.203" upper="1" xmi.id="S.204"/>
         </UML:Multiplicity.range>
        </UML:Multiplicity>
       </UML:StructuralFeature.multiplicity>
      </UML:Attribute>
      <UML:Attribute changeability="changeable" isSpecification="false" isTemplate="false" name="gradeFinishDate" ordering="unordered" owner="S.200" ownerScope="instance" targetScope="instance" type="S.139" visibility="protected" xmi.id="S.205">
       <UML:Attribute.initialValue>
        <UML:Expression body="" xmi.id="S.206"/>
       </UML:Attribute.initialValue>
       <UML:StructuralFeature.multiplicity>
        <UML:Multiplicity xmi.id="S.207">
         <UML:Multiplicity.range>
          <UML:MultiplicityRange lower="1" multiplicity="S.207" upper="1" xmi.id="S.208"/>
         </UML:Multiplicity.range>
        </UML:Multiplicity>
       </UML:StructuralFeature.multiplicity>
      </UML:Attribute>
      <UML:Operation concurrency="concurrent" isAbstract="false" isLeaf="false" isQuery="false" isRoot="false" isSpecification="false" isTemplate="false" name="setFinishDate" owner="S.200" ownerScope="instance" visibility="public" xmi.id="S.209">
       <UML:BehavioralFeature.parameter>
        <UML:Parameter behavioralFeature="S.209" isSpecification="false" isTemplate="false" kind="in" name="finishDate" type="S.139" visibility="private" xmi.id="S.210"/>
       </UML:BehavioralFeature.parameter>
      </UML:Operation>
      <UML:Operation concurrency="concurrent" isAbstract="false" isLeaf="false" isQuery="false" isRoot="false" isSpecification="false" isTemplate="false" name="getGradeStartDate" owner="S.200" ownerScope="instance" visibility="public" xmi.id="S.211">
       <UML:BehavioralFeature.parameter>
        <UML:Parameter behavioralFeature="S.211" isSpecification="false" isTemplate="false" kind="return" name="gradeStartDate" type="S.139" visibility="private" xmi.id="S.212"/>
       </UML:BehavioralFeature.parameter>
      </UML:Operation>
      <UML:Operation concurrency="concurrent" isAbstract="false" isLeaf="false" isQuery="false" isRoot="false" isSpecification="false" isTemplate="false" name="getGradeFinishDate" owner="S.200" ownerScope="instance" visibility="public" xmi.id="S.213">
       <UML:BehavioralFeature.parameter>
        <UML:Parameter behavioralFeature="S.213" isSpecification="false" isTemplate="false" kind="return" name="gradeFinishDate" type="S.139" visibility="private" xmi.id="S.214"/>
       </UML:BehavioralFeature.parameter>
      </UML:Operation>
     </UML:Classifier.feature>
    </UML:Class>
    <UML:Class isAbstract="false" isActive="true" isLeaf="false" isRoot="false" isSpecification="false" isTemplate="false" name="Date" namespace="S.1" visibility="public" xmi.id="S.139">
     <UML:Classifier.feature>
      <UML:Operation concurrency="concurrent" isAbstract="false" isLeaf="false" isQuery="true" isRoot="false" isSpecification="false" isTemplate="false" name="isNotEarlierThan" owner="S.139" ownerScope="instance" visibility="public" xmi.id="S.215">
       <UML:BehavioralFeature.parameter>
        <UML:Parameter behavioralFeature="S.215" isSpecification="false" isTemplate="false" kind="in" name="today" type="S.139" visibility="private" xmi.id="S.216"/>
        <UML:Parameter behavioralFeature="S.215" isSpecification="false" isTemplate="false" kind="return" name="later" type="S.57" visibility="private" xmi.id="S.217"/>
       </UML:BehavioralFeature.parameter>
      </UML:Operation>
      <UML:Operation concurrency="concurrent" isAbstract="false" isLeaf="false" isQuery="false" isRoot="false" isSpecification="false" isTemplate="false" name="minus" owner="S.139" ownerScope="instance" visibility="public" xmi.id="S.218">
       <UML:BehavioralFeature.parameter>
        <UML:Parameter behavioralFeature="S.218" isSpecification="false" isTemplate="false" kind="in" name="days" type="S.14" visibility="private" xmi.id="S.219"/>
        <UML:Parameter behavioralFeature="S.218" isSpecification="false" isTemplate="false" kind="return" name="newDate" type="S.139" visibility="private" xmi.id="S.220"/>
       </UML:BehavioralFeature.parameter>
      </UML:Operation>
     </UML:Classifier.feature>
    </UML:Class>
    <UML:Association isAbstract="false" isLeaf="false" isRoot="false" isSpecification="false" isTemplate="false" name="A_StaffMember_StaffGrade" namespace="S.1" visibility="public" xmi.id="S.221">
     <UML:Association.connection>
      <UML:AssociationEnd aggregation="none" association="S.221" changeability="changeable" isNavigable="true" isSpecification="false" isTemplate="false" name="staffMember" ordering="unordered" targetScope="instance" type="S.188" visibility="public" xmi.id="S.222">
       <UML:AssociationEnd.multiplicity>
        <UML:Multiplicity xmi.id="S.223">
         <UML:Multiplicity.range>
          <UML:MultiplicityRange lower="1" multiplicity="S.223" upper="1" xmi.id="S.224"/>
         </UML:Multiplicity.range>
        </UML:Multiplicity>
       </UML:AssociationEnd.multiplicity>
      </UML:AssociationEnd>
      <UML:AssociationEnd aggregation="none" association="S.221" changeability="changeable" isNavigable="true" isSpecification="false" isTemplate="false" name="staffGrade" ordering="unordered" targetScope="instance" type="S.200" visibility="public" xmi.id="S.225">
       <UML:AssociationEnd.multiplicity>
        <UML:Multiplicity xmi.id="S.226">
         <UML:Multiplicity.range>
          <UML:MultiplicityRange lower="1" multiplicity="S.226" upper="-1" xmi.id="S.227"/>
         </UML:Multiplicity.range>
        </UML:Multiplicity>
       </UML:AssociationEnd.multiplicity>
      </UML:AssociationEnd>
     </UML:Association.connection>
    </UML:Association>
    <UML:Association isAbstract="false" isLeaf="false" isRoot="false" isSpecification="false" isTemplate="false" name="A_StaffGrade_Grade" namespace="S.1" visibility="public" xmi.id="S.228">
     <UML:Association.connection>
      <UML:AssociationEnd aggregation="none" association="S.228" changeability="changeable" isNavigable="true" isSpecification="false" isTemplate="false" name="staffGrade" ordering="unordered" targetScope="instance" type="S.200" visibility="public" xmi.id="S.229">
       <UML:AssociationEnd.multiplicity>
        <UML:Multiplicity xmi.id="S.230">
         <UML:Multiplicity.range>
          <UML:MultiplicityRange lower="0" multiplicity="S.230" upper="-1" xmi.id="S.231"/>
         </UML:Multiplicity.range>
        </UML:Multiplicity>
       </UML:AssociationEnd.multiplicity>
      </UML:AssociationEnd>
      <UML:AssociationEnd aggregation="none" association="S.228" changeability="changeable" isNavigable="true" isSpecification="false" isTemplate="false" name="grade" ordering="unordered" targetScope="instance" type="S.181" visibility="public" xmi.id="S.232">
       <UML:AssociationEnd.multiplicity>
        <UML:Multiplicity xmi.id="S.233">
         <UML:Multiplicity.range>
          <UML:MultiplicityRange lower="1" multiplicity="S.233" upper="1" xmi.id="S.234"/>
         </UML:Multiplicity.range>
        </UML:Multiplicity>
       </UML:AssociationEnd.multiplicity>
      </UML:AssociationEnd>
     </UML:Association.connection>
    </UML:Association>
    <UML:Association isAbstract="false" isLeaf="false" isRoot="false" isSpecification="false" isTemplate="false" name="A_StaffGrade_StaffGrade" namespace="S.1" visibility="public" xmi.id="S.235">
     <UML:Association.connection>
      <UML:AssociationEnd aggregation="none" association="S.235" changeability="changeable" isNavigable="true" isSpecification="false" isTemplate="false" name="following" ordering="unordered" targetScope="instance" type="S.200" visibility="public" xmi.id="S.236">
       <UML:AssociationEnd.multiplicity>
        <UML:Multiplicity xmi.id="S.237">
         <UML:Multiplicity.range>
          <UML:MultiplicityRange lower="0" multiplicity="S.237" upper="1" xmi.id="S.238"/>
         </UML:Multiplicity.range>
        </UML:Multiplicity>
       </UML:AssociationEnd.multiplicity>
      </UML:AssociationEnd>
      <UML:AssociationEnd aggregation="none" association="S.235" changeability="changeable" isNavigable="true" isSpecification="false" isTemplate="false" name="previous" ordering="unordered" targetScope="instance" type="S.200" visibility="public" xmi.id="S.239">
       <UML:AssociationEnd.multiplicity>
        <UML:Multiplicity xmi.id="S.240">
         <UML:Multiplicity.range>
          <UML:MultiplicityRange lower="0" multiplicity="S.240" upper="1" xmi.id="S.241"/>
         </UML:Multiplicity.range>
        </UML:Multiplicity>
       </UML:AssociationEnd.multiplicity>
      </UML:AssociationEnd>
     </UML:Association.connection>
    </UML:Association>
   </UML:Namespace.ownedElement>
  </UML:Model>
 </XMI.content>
</XMI>
