<?xml version="1.0" encoding="UTF-8" standalone="no"?>
<XMI xmlns:GXML="//lci.cs.ubbcluj.ro/gxml" xmlns:UML="//org.omg/UML/1.3" xmi.version="1.1">
 <XMI.header>
  <XMI.documentation>
   <XMI.exporter>ocle 2.0</XMI.exporter>
   <XMI.exporterVersion>1.0</XMI.exporterVersion>
  </XMI.documentation>
  <XMI.metamodel xmi.name="GXAPI" xmi.version="0.1"/>
 </XMI.header>
 <XMI.content>
  <GXML:ClassDiagram background="java.awt.Color[r=255,g=255,b=255]" gridVisible="false" isLocked="false" name="NewClassDiagram" xmi.id="S.1" xmlns:GXML="http://lci/xml">
   <GXML:ClassDiagram.viewAttributes>
    <GXML:Hashtable keys="S.3 S.4 S.5 S.6 S.7 S.8 S.9 S.10 S.11 S.12" xmi.id="S.2">
     <GXML:Hashtable.values>
      <GXML:HashtableStrings keys="editable bordercolor bounds opaque" values="true java.awt.Color[r=255,g=255,b=255] java.awt.Rectangle[x=394,y=69,width=49,height=21] false" xmi.id="S.13"/>
      <GXML:HashtableStrings keys="bounds opaque" values="java.awt.Rectangle[x=68,y=26,width=195,height=148] true" xmi.id="S.14"/>
      <GXML:HashtableStrings xmi.id="S.15"/>
      <GXML:HashtableStrings keys="labelposition endsize beginSize lineEnd lineBegin editable points linewidth" values="java.awt.Point[x=500,y=500] 18 18 0 0 false [java.awt.Point[x=552,y=101],_java.awt.Point[x=166,y=101]] 1.0" xmi.id="S.16"/>
      <GXML:HashtableStrings keys="bounds opaque" values="java.awt.Rectangle[x=453,y=45,width=196,height=110] true" xmi.id="S.17"/>
      <GXML:HashtableStrings xmi.id="S.18"/>
      <GXML:HashtableStrings keys="editable bordercolor bounds opaque" values="true java.awt.Color[r=255,g=255,b=255] java.awt.Rectangle[x=273,y=110,width=25,height=21] false" xmi.id="S.19"/>
      <GXML:HashtableStrings xmi.id="S.20"/>
      <GXML:HashtableStrings keys="editable bordercolor bounds opaque" values="true java.awt.Color[r=255,g=255,b=255] java.awt.Rectangle[x=273,y=69,width=39,height=21] false" xmi.id="S.21"/>
      <GXML:HashtableStrings keys="editable bordercolor bounds opaque" values="true java.awt.Color[r=255,g=255,b=255] java.awt.Rectangle[x=420,y=110,width=23,height=21] false" xmi.id="S.22"/>
     </GXML:Hashtable.values>
    </GXML:Hashtable>
   </GXML:ClassDiagram.viewAttributes>
   <GXML:ClassDiagram.globalFilter>
    <GXML:ClassFilter xmi.id="S.23">
     <GXML:ClassFilter.map>
      <GXML:HashtableStrings keys="a_pac m_pub m_pro m_pri msignature a_pri stereotype a_pub a_pro m_pac" values="true true true true true true true true true true" xmi.id="S.24"/>
     </GXML:ClassFilter.map>
    </GXML:ClassFilter>
   </GXML:ClassDiagram.globalFilter>
   <GXML:ClassDiagram.classViews>
    <GXML:ClassCell xmi.idref="S.4"/>
    <GXML:ClassCell xmi.idref="S.7"/>
   </GXML:ClassDiagram.classViews>
   <GXML:ClassDiagram.relationViews>
    <GXML:SpecialEdge xmi.idref="S.6"/>
   </GXML:ClassDiagram.relationViews>
   <GXML:ClassDiagram.flat>
    <GXML:DefaultGraphCell allowsChildren="true" userObjectString="0..1" xmi.id="S.9">
     <GXML:DefaultGraphCell.attributes>
      <GXML:HashtableStrings keys="value" values="0..1" xmi.id="S.25"/>
     </GXML:DefaultGraphCell.attributes>
    </GXML:DefaultGraphCell>
    <GXML:DefaultGraphCell allowsChildren="true" userObjectString="+bottles" xmi.id="S.3">
     <GXML:DefaultGraphCell.attributes>
      <GXML:HashtableStrings keys="value" values="+bottles" xmi.id="S.26"/>
     </GXML:DefaultGraphCell.attributes>
    </GXML:DefaultGraphCell>
    <GXML:SpecialPort allowsChildren="false" parent="S.7" xmi.id="S.10">
     <GXML:DefaultGraphCell.attributes>
      <GXML:HashtableStrings xmi.id="S.27"/>
     </GXML:DefaultGraphCell.attributes>
    </GXML:SpecialPort>
    <GXML:ClassCell allowsChildren="true" children="S.5" hasAutoR="false" isFiltered="false" isInterface="false" showPackage="false" xmi.id="S.4">
     <GXML:ClassCell.property>
      <GXML:ClassGProperty bodyfontSize="11" fillColor="java.awt.Color[r=255,g=255,b=255]" outlineColor="java.awt.Color[r=0,g=0,b=0]" outlineWidth="1" selectionColor="java.awt.Color[r=255,g=0,b=0]" titlefontSize="12" xmi.id="S.28"/>
     </GXML:ClassCell.property>
     <GXML:ClassCell.filter>
      <GXML:ClassFilter xmi.id="S.29">
       <GXML:ClassFilter.map>
        <GXML:HashtableStrings keys="a_pac m_pub m_pro m_pri msignature a_pri stereotype a_pub a_pro m_pac" values="true true true true true true true true true true" xmi.id="S.30"/>
       </GXML:ClassFilter.map>
      </GXML:ClassFilter>
     </GXML:ClassCell.filter>
     <GXML:DefaultGraphCell.attributes>
      <GXML:HashtableStrings xmi.id="S.31">
       <GXML:HashtableStrings.value>
        <UML:Class href="../NewModel.xml|S.102" xml:link="simple" xmlns:UML="http://lci/xml"/>
       </GXML:HashtableStrings.value>
      </GXML:HashtableStrings>
     </GXML:DefaultGraphCell.attributes>
     <GXML:DefaultMutableTreeNode.userObject>
      <UML:Class href="../NewModel.xml|S.102" xml:link="simple" xmlns:UML="http://lci/xml"/>
     </GXML:DefaultMutableTreeNode.userObject>
    </GXML:ClassCell>
    <GXML:SpecialPort allowsChildren="false" parent="S.4" xmi.id="S.5">
     <GXML:DefaultGraphCell.attributes>
      <GXML:HashtableStrings xmi.id="S.32"/>
     </GXML:DefaultGraphCell.attributes>
    </GXML:SpecialPort>
    <GXML:DefaultGraphCell allowsChildren="true" userObjectString="+crate" xmi.id="S.11">
     <GXML:DefaultGraphCell.attributes>
      <GXML:HashtableStrings keys="value" values="+crate" xmi.id="S.33"/>
     </GXML:DefaultGraphCell.attributes>
    </GXML:DefaultGraphCell>
    <GXML:DefaultGraphCell allowsChildren="true" userObjectString="0..*" xmi.id="S.12">
     <GXML:DefaultGraphCell.attributes>
      <GXML:HashtableStrings keys="value" values="0..*" xmi.id="S.34"/>
     </GXML:DefaultGraphCell.attributes>
    </GXML:DefaultGraphCell>
    <GXML:ClassCell allowsChildren="true" children="S.10" hasAutoR="false" isFiltered="false" isInterface="false" showPackage="false" xmi.id="S.7">
     <GXML:ClassCell.property>
      <GXML:ClassGProperty bodyfontSize="11" fillColor="java.awt.Color[r=255,g=255,b=255]" outlineColor="java.awt.Color[r=0,g=0,b=0]" outlineWidth="1" selectionColor="java.awt.Color[r=255,g=0,b=0]" titlefontSize="12" xmi.id="S.35"/>
     </GXML:ClassCell.property>
     <GXML:ClassCell.filter>
      <GXML:ClassFilter xmi.id="S.36">
       <GXML:ClassFilter.map>
        <GXML:HashtableStrings keys="a_pac m_pub m_pro m_pri msignature a_pri stereotype a_pub a_pro m_pac" values="true true true true true true true true true true" xmi.id="S.37"/>
       </GXML:ClassFilter.map>
      </GXML:ClassFilter>
     </GXML:ClassCell.filter>
     <GXML:DefaultGraphCell.attributes>
      <GXML:HashtableStrings xmi.id="S.38">
       <GXML:HashtableStrings.value>
        <UML:Class href="../NewModel.xml|S.119" xml:link="simple" xmlns:UML="http://lci/xml"/>
       </GXML:HashtableStrings.value>
      </GXML:HashtableStrings>
     </GXML:DefaultGraphCell.attributes>
     <GXML:DefaultMutableTreeNode.userObject>
      <UML:Class href="../NewModel.xml|S.119" xml:link="simple" xmlns:UML="http://lci/xml"/>
     </GXML:DefaultMutableTreeNode.userObject>
    </GXML:ClassCell>
    <GXML:SpecialPort allowsChildren="false" parent="S.6" xmi.id="S.8">
     <GXML:DefaultGraphCell.attributes>
      <GXML:HashtableStrings xmi.id="S.39"/>
     </GXML:DefaultGraphCell.attributes>
    </GXML:SpecialPort>
    <GXML:SpecialEdge allowsChildren="true" children="S.8" isRouted="false" labels="S.12 S.3 S.9 S.11" source="S.10" target="S.5" xmi.id="S.6">
     <GXML:DefaultGraphCell.attributes>
      <GXML:HashtableStrings keys="lineBegin endsize editable linewidth lineEnd beginSize" values="0 18 false 1.0 0 18" xmi.id="S.40">
       <GXML:HashtableStrings.value>
        <UML:Association href="../NewModel.xml|S.136" xml:link="simple" xmlns:UML="http://lci/xml"/>
       </GXML:HashtableStrings.value>
      </GXML:HashtableStrings>
     </GXML:DefaultGraphCell.attributes>
     <GXML:DefaultMutableTreeNode.userObject>
      <UML:Association href="../NewModel.xml|S.136" xml:link="simple" xmlns:UML="http://lci/xml"/>
     </GXML:DefaultMutableTreeNode.userObject>
    </GXML:SpecialEdge>
   </GXML:ClassDiagram.flat>
   <GXML:ClassDiagram.owner>
    <UML:Model href="../NewModel.xml|S.1" xml:link="simple" xmlns:UML="http://lci/xml"/>
   </GXML:ClassDiagram.owner>
   <GXML:ClassDiagram.connectionSet>
    <GXML:ConnectionSet connections="S.42 S.43" edges="S.6" xmi.id="S.41">
     <GXML:ConnectionSet.connections>
      <GXML:ConnectionSet_GXConnection edge="S.6" isSource="false" port="S.5" xmi.id="S.42"/>
      <GXML:ConnectionSet_GXConnection edge="S.6" isSource="true" port="S.10" xmi.id="S.43"/>
     </GXML:ConnectionSet.connections>
    </GXML:ConnectionSet>
   </GXML:ClassDiagram.connectionSet>
   <GXML:ClassDiagram.cells>
    <GXML:SpecialEdge xmi.idref="S.6"/>
    <GXML:ClassCell xmi.idref="S.7"/>
    <GXML:ClassCell xmi.idref="S.4"/>
    <GXML:DefaultGraphCell xmi.idref="S.12"/>
    <GXML:DefaultGraphCell xmi.idref="S.3"/>
    <GXML:DefaultGraphCell xmi.idref="S.9"/>
    <GXML:DefaultGraphCell xmi.idref="S.11"/>
   </GXML:ClassDiagram.cells>
   <GXML:ClassDiagram.classes>
    <UML:Class href="../NewModel.xml|S.102" xml:link="simple" xmlns:UML="http://lci/xml"/>
    <UML:Class href="../NewModel.xml|S.119" xml:link="simple" xmlns:UML="http://lci/xml"/>
   </GXML:ClassDiagram.classes>
  </GXML:ClassDiagram>
 </XMI.content>
</XMI>
